id,firstname,lastname,email,email2,profession
100,Adore,Kinnard,Adore.Kinnard@somemail.com,Adore.Kinnard@anothermail.com,police officer
101,Gwenneth,Lory,Gwenneth.Lory@somemail.com,Gwenneth.Lory@anothermail.com,developer
102,Carmela,Melleta,Carmela.Melleta@somemail.com,Carmela.Melleta@anothermail.com,police officer
103,Bibby,Denis,Bibby.Denis@somemail.com,Bibby.Denis@anothermail.com,firefighter
104,Kimberley,Bahr,Kimberley.Bahr@somemail.com,Kimberley.Bahr@anothermail.com,doctor
105,Daryl,Zamora,Daryl.Zamora@somemail.com,Daryl.Zamora@anothermail.com,worker
106,Nicoli,Robertson,Nicoli.Robertson@somemail.com,Nicoli.Robertson@anothermail.com,developer
107,Dorice,Ashok,Dorice.Ashok@somemail.com,Dorice.Ashok@anothermail.com,police officer
108,Marti,Lacombe,Marti.Lacombe@somemail.com,Marti.Lacombe@anothermail.com,firefighter
109,Jacquetta,Ricki,Jacquetta.Ricki@somemail.com,Jacquetta.Ricki@anothermail.com,worker
110,Cyb,Bryna,Cyb.Bryna@somemail.com,Cyb.Bryna@anothermail.com,developer
111,Desirae,Ophelia,Desirae.Ophelia@somemail.com,Desirae.Ophelia@anothermail.com,firefighter
112,Flory,Hewitt,Flory.Hewitt@somemail.com,Flory.Hewitt@anothermail.com,developer
113,Sean,Hazlett,Sean.Hazlett@somemail.com,Sean.Hazlett@anothermail.com,doctor
114,Dagmar,Ulphia,Dagmar.Ulphia@somemail.com,Dagmar.Ulphia@anothermail.com,worker
115,Vinita,Goth,Vinita.Goth@somemail.com,Vinita.Goth@anothermail.com,doctor
116,Frances,Rona,Frances.Rona@somemail.com,Frances.Rona@anothermail.com,developer
117,Jenilee,Emmaline,Jenilee.Emmaline@somemail.com,Jenilee.Emmaline@anothermail.com,worker
118,Bee,Mendez,Bee.Mendez@somemail.com,Bee.Mendez@anothermail.com,doctor
119,Nita,Jefferey,Nita.Jefferey@somemail.com,Nita.Jefferey@anothermail.com,worker
120,Leontine,Shaver,Leontine.Shaver@somemail.com,Leontine.Shaver@anothermail.com,doctor
121,Gwyneth,Charity,Gwyneth.Charity@somemail.com,Gwyneth.Charity@anothermail.com,firefighter
122,Gianina,Clara,Gianina.Clara@somemail.com,Gianina.Clara@anothermail.com,police officer
123,Nyssa,Amasa,Nyssa.Amasa@somemail.com,Nyssa.Amasa@anothermail.com,firefighter
124,Eugine,Gaal,Eugine.Gaal@somemail.com,Eugine.Gaal@anothermail.com,doctor
125,Myrtice,Adalbert,Myrtice.Adalbert@somemail.com,Myrtice.Adalbert@anothermail.com,firefighter
126,Tomasina,Telfer,Tomasina.Telfer@somemail.com,Tomasina.Telfer@anothermail.com,police officer
127,Lindie,Joeann,Lindie.Joeann@somemail.com,Lindie.Joeann@anothermail.com,worker
128,Dagmar,Codding,Dagmar.Codding@somemail.com,Dagmar.Codding@anothermail.com,doctor
129,Rochette,Raffo,Rochette.Raffo@somemail.com,Rochette.Raffo@anothermail.com,worker
130,Rosene,Kat,Rosene.Kat@somemail.com,Rosene.Kat@anothermail.com,doctor
131,Carmela,Gombach,Carmela.Gombach@somemail.com,Carmela.Gombach@anothermail.com,worker
132,Andeee,Sothena,Andeee.Sothena@somemail.com,Andeee.Sothena@anothermail.com,doctor
133,Nataline,Carbo,Nataline.Carbo@somemail.com,Nataline.Carbo@anothermail.com,firefighter
134,Roslyn,Sisile,Roslyn.Sisile@somemail.com,Roslyn.Sisile@anothermail.com,firefighter
135,Wanda,Pierette,Wanda.Pierette@somemail.com,Wanda.Pierette@anothermail.com,police officer
136,Kaja,Oriana,Kaja.Oriana@somemail.com,Kaja.Oriana@anothermail.com,worker
137,Ilse,Croix,Ilse.Croix@somemail.com,Ilse.Croix@anothermail.com,worker
138,Joceline,Yorick,Joceline.Yorick@somemail.com,Joceline.Yorick@anothermail.com,worker
139,Angela,Hartnett,Angela.Hartnett@somemail.com,Angela.Hartnett@anothermail.com,worker
140,Giustina,Afton,Giustina.Afton@somemail.com,Giustina.Afton@anothermail.com,firefighter
141,Queenie,Tice,Queenie.Tice@somemail.com,Queenie.Tice@anothermail.com,firefighter
142,Micheline,Liva,Micheline.Liva@somemail.com,Micheline.Liva@anothermail.com,developer
143,Bee,Schenck,Bee.Schenck@somemail.com,Bee.Schenck@anothermail.com,police officer
144,Mamie,Kaja,Mamie.Kaja@somemail.com,Mamie.Kaja@anothermail.com,police officer
145,Tilly,Penelopa,Tilly.Penelopa@somemail.com,Tilly.Penelopa@anothermail.com,doctor
146,Jessy,Pyle,Jessy.Pyle@somemail.com,Jessy.Pyle@anothermail.com,firefighter
147,Gusty,Baptlsta,Gusty.Baptlsta@somemail.com,Gusty.Baptlsta@anothermail.com,police officer
148,Wanda,Jess,Wanda.Jess@somemail.com,Wanda.Jess@anothermail.com,police officer
149,Helsa,Lunsford,Helsa.Lunsford@somemail.com,Helsa.Lunsford@anothermail.com,developer
150,Wanda,Killigrew,Wanda.Killigrew@somemail.com,Wanda.Killigrew@anothermail.com,police officer
151,Tina,Dearborn,Tina.Dearborn@somemail.com,Tina.Dearborn@anothermail.com,firefighter
152,Margarette,Pettiford,Margarette.Pettiford@somemail.com,Margarette.Pettiford@anothermail.com,police officer
153,Meg,Rubie,Meg.Rubie@somemail.com,Meg.Rubie@anothermail.com,police officer
154,Mignon,Willie,Mignon.Willie@somemail.com,Mignon.Willie@anothermail.com,doctor
155,Alyda,Belldas,Alyda.Belldas@somemail.com,Alyda.Belldas@anothermail.com,police officer
156,Starla,Devlen,Starla.Devlen@somemail.com,Starla.Devlen@anothermail.com,police officer
157,Jean,Elsinore,Jean.Elsinore@somemail.com,Jean.Elsinore@anothermail.com,doctor
158,Stephanie,Haerr,Stephanie.Haerr@somemail.com,Stephanie.Haerr@anothermail.com,developer
159,Ana,Toni,Ana.Toni@somemail.com,Ana.Toni@anothermail.com,developer
160,Giustina,Gahl,Giustina.Gahl@somemail.com,Giustina.Gahl@anothermail.com,developer
161,Janeczka,Fairweather,Janeczka.Fairweather@somemail.com,Janeczka.Fairweather@anothermail.com,police officer
162,Gloria,Hoban,Gloria.Hoban@somemail.com,Gloria.Hoban@anothermail.com,developer
163,Jordan,Rosalba,Jordan.Rosalba@somemail.com,Jordan.Rosalba@anothermail.com,developer
164,Edyth,Shirberg,Edyth.Shirberg@somemail.com,Edyth.Shirberg@anothermail.com,developer
165,Kittie,Emanuel,Kittie.Emanuel@somemail.com,Kittie.Emanuel@anothermail.com,doctor
166,Alejandra,Nore,Alejandra.Nore@somemail.com,Alejandra.Nore@anothermail.com,firefighter
167,Corene,Dash,Corene.Dash@somemail.com,Corene.Dash@anothermail.com,developer
168,Sandie,Hillel,Sandie.Hillel@somemail.com,Sandie.Hillel@anothermail.com,firefighter
169,Jolyn,Fennessy,Jolyn.Fennessy@somemail.com,Jolyn.Fennessy@anothermail.com,police officer
170,Shirlee,Pernick,Shirlee.Pernick@somemail.com,Shirlee.Pernick@anothermail.com,doctor
171,Carly,Florina,Carly.Florina@somemail.com,Carly.Florina@anothermail.com,firefighter
172,Flory,Kolnick,Flory.Kolnick@somemail.com,Flory.Kolnick@anothermail.com,developer
173,Lelah,Parsaye,Lelah.Parsaye@somemail.com,Lelah.Parsaye@anothermail.com,worker
174,Cissiee,Zetta,Cissiee.Zetta@somemail.com,Cissiee.Zetta@anothermail.com,developer
175,Fidelia,Travax,Fidelia.Travax@somemail.com,Fidelia.Travax@anothermail.com,worker
176,Melina,Amand,Melina.Amand@somemail.com,Melina.Amand@anothermail.com,worker
177,Brietta,Christal,Brietta.Christal@somemail.com,Brietta.Christal@anothermail.com,police officer
178,Jeanna,Alcott,Jeanna.Alcott@somemail.com,Jeanna.Alcott@anothermail.com,police officer
179,Ira,Weitman,Ira.Weitman@somemail.com,Ira.Weitman@anothermail.com,worker
180,Regina,Cleo,Regina.Cleo@somemail.com,Regina.Cleo@anothermail.com,police officer
181,Ada,Mich,Ada.Mich@somemail.com,Ada.Mich@anothermail.com,worker
182,Barbara,Septima,Barbara.Septima@somemail.com,Barbara.Septima@anothermail.com,developer
183,Bobinette,Morehouse,Bobinette.Morehouse@somemail.com,Bobinette.Morehouse@anothermail.com,police officer
184,Brooks,Annice,Brooks.Annice@somemail.com,Brooks.Annice@anothermail.com,firefighter
185,Sean,Stover,Sean.Stover@somemail.com,Sean.Stover@anothermail.com,doctor
186,Dorothy,Mallon,Dorothy.Mallon@somemail.com,Dorothy.Mallon@anothermail.com,police officer
187,Shell,Pascia,Shell.Pascia@somemail.com,Shell.Pascia@anothermail.com,worker
188,Jany,Vanni,Jany.Vanni@somemail.com,Jany.Vanni@anothermail.com,doctor
189,Rani,Lilybelle,Rani.Lilybelle@somemail.com,Rani.Lilybelle@anothermail.com,doctor
190,Elmira,Screens,Elmira.Screens@somemail.com,Elmira.Screens@anothermail.com,developer
191,Gisela,Kaja,Gisela.Kaja@somemail.com,Gisela.Kaja@anothermail.com,worker
192,Ruthe,Wandie,Ruthe.Wandie@somemail.com,Ruthe.Wandie@anothermail.com,worker
193,Emylee,Wyn,Emylee.Wyn@somemail.com,Emylee.Wyn@anothermail.com,worker
194,Bettine,Kevon,Bettine.Kevon@somemail.com,Bettine.Kevon@anothermail.com,worker
195,Atlanta,Standing,Atlanta.Standing@somemail.com,Atlanta.Standing@anothermail.com,worker
196,Melodie,Gilbertson,Melodie.Gilbertson@somemail.com,Melodie.Gilbertson@anothermail.com,police officer
197,Trixi,Bergman,Trixi.Bergman@somemail.com,Trixi.Bergman@anothermail.com,police officer
198,Correy,Zina,Correy.Zina@somemail.com,Correy.Zina@anothermail.com,police officer
199,Willetta,Durware,Willetta.Durware@somemail.com,Willetta.Durware@anothermail.com,developer
200,Pearline,Faro,Pearline.Faro@somemail.com,Pearline.Faro@anothermail.com,police officer
201,Lucy,Katrine,Lucy.Katrine@somemail.com,Lucy.Katrine@anothermail.com,developer
202,Janeczka,Nickola,Janeczka.Nickola@somemail.com,Janeczka.Nickola@anothermail.com,developer
203,Kara-Lynn,Tatianas,Kara-Lynn.Tatianas@somemail.com,Kara-Lynn.Tatianas@anothermail.com,doctor
204,Caritta,Arvo,Caritta.Arvo@somemail.com,Caritta.Arvo@anothermail.com,developer
205,Lilith,Sperling,Lilith.Sperling@somemail.com,Lilith.Sperling@anothermail.com,doctor
206,Jenda,Candy,Jenda.Candy@somemail.com,Jenda.Candy@anothermail.com,developer
207,Eugine,Klemperer,Eugine.Klemperer@somemail.com,Eugine.Klemperer@anothermail.com,developer
208,Tilly,Linskey,Tilly.Linskey@somemail.com,Tilly.Linskey@anothermail.com,developer
209,Eugine,Ciapas,Eugine.Ciapas@somemail.com,Eugine.Ciapas@anothermail.com,police officer
210,Amara,Miru,Amara.Miru@somemail.com,Amara.Miru@anothermail.com,doctor
211,Morganica,Primalia,Morganica.Primalia@somemail.com,Morganica.Primalia@anothermail.com,police officer
212,Selma,Kiyoshi,Selma.Kiyoshi@somemail.com,Selma.Kiyoshi@anothermail.com,developer
213,Elyssa,Gerge,Elyssa.Gerge@somemail.com,Elyssa.Gerge@anothermail.com,firefighter
214,Tybie,Carmena,Tybie.Carmena@somemail.com,Tybie.Carmena@anothermail.com,police officer
215,Kaja,Zamora,Kaja.Zamora@somemail.com,Kaja.Zamora@anothermail.com,doctor
216,Hollie,Neils,Hollie.Neils@somemail.com,Hollie.Neils@anothermail.com,police officer
217,Camile,Donell,Camile.Donell@somemail.com,Camile.Donell@anothermail.com,worker
218,Ida,Natica,Ida.Natica@somemail.com,Ida.Natica@anothermail.com,firefighter
219,Melodie,Cynar,Melodie.Cynar@somemail.com,Melodie.Cynar@anothermail.com,worker
220,Libbie,Vacuva,Libbie.Vacuva@somemail.com,Libbie.Vacuva@anothermail.com,police officer
221,Halette,Malvino,Halette.Malvino@somemail.com,Halette.Malvino@anothermail.com,developer
222,Sabina,Yusuk,Sabina.Yusuk@somemail.com,Sabina.Yusuk@anothermail.com,firefighter
223,Molli,Jacobah,Molli.Jacobah@somemail.com,Molli.Jacobah@anothermail.com,police officer
224,Bernardine,Poll,Bernardine.Poll@somemail.com,Bernardine.Poll@anothermail.com,developer
225,Josephine,Camden,Josephine.Camden@somemail.com,Josephine.Camden@anothermail.com,developer
226,Yvonne,Brackely,Yvonne.Brackely@somemail.com,Yvonne.Brackely@anothermail.com,developer
227,Hayley,Pernick,Hayley.Pernick@somemail.com,Hayley.Pernick@anothermail.com,worker
228,Taffy,Karna,Taffy.Karna@somemail.com,Taffy.Karna@anothermail.com,doctor
229,Olwen,Gregrory,Olwen.Gregrory@somemail.com,Olwen.Gregrory@anothermail.com,worker
230,Raf,Anastatius,Raf.Anastatius@somemail.com,Raf.Anastatius@anothermail.com,doctor
231,Charlena,Velick,Charlena.Velick@somemail.com,Charlena.Velick@anothermail.com,firefighter
232,Wileen,Ajay,Wileen.Ajay@somemail.com,Wileen.Ajay@anothermail.com,developer
233,Anallese,Schalles,Anallese.Schalles@somemail.com,Anallese.Schalles@anothermail.com,police officer
234,Fayre,Ochs,Fayre.Ochs@somemail.com,Fayre.Ochs@anothermail.com,developer
235,Berget,Reidar,Berget.Reidar@somemail.com,Berget.Reidar@anothermail.com,police officer
236,Agnese,Ambrosia,Agnese.Ambrosia@somemail.com,Agnese.Ambrosia@anothermail.com,developer
237,Rhea,Duwalt,Rhea.Duwalt@somemail.com,Rhea.Duwalt@anothermail.com,doctor
238,Minda,Ranjiv,Minda.Ranjiv@somemail.com,Minda.Ranjiv@anothermail.com,firefighter
239,Gloria,Raffo,Gloria.Raffo@somemail.com,Gloria.Raffo@anothermail.com,doctor
240,Sandie,Toffic,Sandie.Toffic@somemail.com,Sandie.Toffic@anothermail.com,doctor
241,Lelah,Fiann,Lelah.Fiann@somemail.com,Lelah.Fiann@anothermail.com,doctor
242,Albertina,Liebermann,Albertina.Liebermann@somemail.com,Albertina.Liebermann@anothermail.com,doctor
243,Fernande,Havens,Fernande.Havens@somemail.com,Fernande.Havens@anothermail.com,firefighter
244,Mahalia,Loeb,Mahalia.Loeb@somemail.com,Mahalia.Loeb@anothermail.com,worker
245,Margette,Billye,Margette.Billye@somemail.com,Margette.Billye@anothermail.com,doctor
246,Celisse,Kolnick,Celisse.Kolnick@somemail.com,Celisse.Kolnick@anothermail.com,worker
247,Gloria,Phyllis,Gloria.Phyllis@somemail.com,Gloria.Phyllis@anothermail.com,developer
248,Adriana,Azeria,Adriana.Azeria@somemail.com,Adriana.Azeria@anothermail.com,doctor
249,Camile,Concha,Camile.Concha@somemail.com,Camile.Concha@anothermail.com,firefighter
250,Maud,Yuille,Maud.Yuille@somemail.com,Maud.Yuille@anothermail.com,doctor
251,Dennie,Thad,Dennie.Thad@somemail.com,Dennie.Thad@anothermail.com,firefighter
252,Helena,Mullane,Helena.Mullane@somemail.com,Helena.Mullane@anothermail.com,doctor
253,Mariann,Payson,Mariann.Payson@somemail.com,Mariann.Payson@anothermail.com,doctor
254,Adele,Gaal,Adele.Gaal@somemail.com,Adele.Gaal@anothermail.com,doctor
255,Elvira,Tatianas,Elvira.Tatianas@somemail.com,Elvira.Tatianas@anothermail.com,doctor
256,Kial,Poll,Kial.Poll@somemail.com,Kial.Poll@anothermail.com,police officer
257,Dotty,Philoo,Dotty.Philoo@somemail.com,Dotty.Philoo@anothermail.com,doctor
258,Dione,Aldric,Dione.Aldric@somemail.com,Dione.Aldric@anothermail.com,worker
259,Clarice,Chesna,Clarice.Chesna@somemail.com,Clarice.Chesna@anothermail.com,doctor
260,Suzette,Leary,Suzette.Leary@somemail.com,Suzette.Leary@anothermail.com,worker
261,Jessamyn,Isidore,Jessamyn.Isidore@somemail.com,Jessamyn.Isidore@anothermail.com,worker
262,Sybille,Burkle,Sybille.Burkle@somemail.com,Sybille.Burkle@anothermail.com,worker
263,Fanchon,Pillsbury,Fanchon.Pillsbury@somemail.com,Fanchon.Pillsbury@anothermail.com,doctor
264,Karina,Stover,Karina.Stover@somemail.com,Karina.Stover@anothermail.com,worker
265,Tracey,Wesle,Tracey.Wesle@somemail.com,Tracey.Wesle@anothermail.com,worker
266,Selia,Gaynor,Selia.Gaynor@somemail.com,Selia.Gaynor@anothermail.com,developer
267,Elora,Emmy,Elora.Emmy@somemail.com,Elora.Emmy@anothermail.com,firefighter
268,Mellicent,Braun,Mellicent.Braun@somemail.com,Mellicent.Braun@anothermail.com,worker
269,Neila,Neva,Neila.Neva@somemail.com,Neila.Neva@anothermail.com,developer
270,Carree,Decato,Carree.Decato@somemail.com,Carree.Decato@anothermail.com,doctor
271,Janeczka,Rosette,Janeczka.Rosette@somemail.com,Janeczka.Rosette@anothermail.com,developer
272,Gale,Byrne,Gale.Byrne@somemail.com,Gale.Byrne@anothermail.com,developer
273,Candy,Ellord,Candy.Ellord@somemail.com,Candy.Ellord@anothermail.com,worker
274,Jaclyn,Ashok,Jaclyn.Ashok@somemail.com,Jaclyn.Ashok@anothermail.com,police officer
275,Debee,Sholley,Debee.Sholley@somemail.com,Debee.Sholley@anothermail.com,developer
276,Tressa,Salvidor,Tressa.Salvidor@somemail.com,Tressa.Salvidor@anothermail.com,developer
277,Lisette,Edison,Lisette.Edison@somemail.com,Lisette.Edison@anothermail.com,police officer
278,Selma,Jenness,Selma.Jenness@somemail.com,Selma.Jenness@anothermail.com,firefighter
279,Chrystel,Cosenza,Chrystel.Cosenza@somemail.com,Chrystel.Cosenza@anothermail.com,doctor
280,Betta,Berne,Betta.Berne@somemail.com,Betta.Berne@anothermail.com,firefighter
281,Gale,Konyn,Gale.Konyn@somemail.com,Gale.Konyn@anothermail.com,firefighter
282,Eadie,Adalbert,Eadie.Adalbert@somemail.com,Eadie.Adalbert@anothermail.com,worker
283,Arlena,Verger,Arlena.Verger@somemail.com,Arlena.Verger@anothermail.com,police officer
284,Bobinette,Fink,Bobinette.Fink@somemail.com,Bobinette.Fink@anothermail.com,firefighter
285,Wynne,Stoller,Wynne.Stoller@somemail.com,Wynne.Stoller@anothermail.com,doctor
286,Flo,Lory,Flo.Lory@somemail.com,Flo.Lory@anothermail.com,police officer
287,Tressa,Billye,Tressa.Billye@somemail.com,Tressa.Billye@anothermail.com,police officer
288,Theodora,Howlyn,Theodora.Howlyn@somemail.com,Theodora.Howlyn@anothermail.com,firefighter
289,Wileen,Rurik,Wileen.Rurik@somemail.com,Wileen.Rurik@anothermail.com,police officer
290,Julieta,Eben,Julieta.Eben@somemail.com,Julieta.Eben@anothermail.com,police officer
291,Blondelle,Borrell,Blondelle.Borrell@somemail.com,Blondelle.Borrell@anothermail.com,doctor
292,Max,Rocray,Max.Rocray@somemail.com,Max.Rocray@anothermail.com,firefighter
293,Quintina,Magdalen,Quintina.Magdalen@somemail.com,Quintina.Magdalen@anothermail.com,developer
294,Laure,Thunell,Laure.Thunell@somemail.com,Laure.Thunell@anothermail.com,doctor
295,Cordi,Tremayne,Cordi.Tremayne@somemail.com,Cordi.Tremayne@anothermail.com,worker
296,Dawn,Eliathas,Dawn.Eliathas@somemail.com,Dawn.Eliathas@anothermail.com,police officer
297,Claudina,Smitt,Claudina.Smitt@somemail.com,Claudina.Smitt@anothermail.com,firefighter
298,Norine,Zenas,Norine.Zenas@somemail.com,Norine.Zenas@anothermail.com,doctor
299,Raf,Nance,Raf.Nance@somemail.com,Raf.Nance@anothermail.com,worker
300,Arlena,Cherianne,Arlena.Cherianne@somemail.com,Arlena.Cherianne@anothermail.com,worker
301,Frances,Cristi,Frances.Cristi@somemail.com,Frances.Cristi@anothermail.com,worker
302,Dania,Sibyls,Dania.Sibyls@somemail.com,Dania.Sibyls@anothermail.com,developer
303,Jaime,Lumbard,Jaime.Lumbard@somemail.com,Jaime.Lumbard@anothermail.com,police officer
304,Kary,Dielu,Kary.Dielu@somemail.com,Kary.Dielu@anothermail.com,firefighter
305,Donnie,Kolnick,Donnie.Kolnick@somemail.com,Donnie.Kolnick@anothermail.com,police officer
306,Priscilla,Maiah,Priscilla.Maiah@somemail.com,Priscilla.Maiah@anothermail.com,firefighter
307,Chickie,Goth,Chickie.Goth@somemail.com,Chickie.Goth@anothermail.com,developer
308,Lexine,Merat,Lexine.Merat@somemail.com,Lexine.Merat@anothermail.com,doctor
309,Yolane,Mehalek,Yolane.Mehalek@somemail.com,Yolane.Mehalek@anothermail.com,firefighter
310,Glenda,Wenoa,Glenda.Wenoa@somemail.com,Glenda.Wenoa@anothermail.com,firefighter
311,Elfreda,Gualtiero,Elfreda.Gualtiero@somemail.com,Elfreda.Gualtiero@anothermail.com,developer
312,Willetta,Iphlgenia,Willetta.Iphlgenia@somemail.com,Willetta.Iphlgenia@anothermail.com,doctor
313,Etta,Modie,Etta.Modie@somemail.com,Etta.Modie@anothermail.com,doctor
314,Jobi,Celestine,Jobi.Celestine@somemail.com,Jobi.Celestine@anothermail.com,doctor
315,Rani,Kronfeld,Rani.Kronfeld@somemail.com,Rani.Kronfeld@anothermail.com,doctor
316,Mallory,Jerold,Mallory.Jerold@somemail.com,Mallory.Jerold@anothermail.com,police officer
317,Carree,Agle,Carree.Agle@somemail.com,Carree.Agle@anothermail.com,worker
318,Atlanta,Love,Atlanta.Love@somemail.com,Atlanta.Love@anothermail.com,worker
319,Bill,Leonard,Bill.Leonard@somemail.com,Bill.Leonard@anothermail.com,police officer
320,Nicoli,Emmy,Nicoli.Emmy@somemail.com,Nicoli.Emmy@anothermail.com,developer
321,Iseabal,Giff,Iseabal.Giff@somemail.com,Iseabal.Giff@anothermail.com,doctor
322,Alyda,Libna,Alyda.Libna@somemail.com,Alyda.Libna@anothermail.com,developer
323,Ronna,Nester,Ronna.Nester@somemail.com,Ronna.Nester@anothermail.com,worker
324,Karly,Donell,Karly.Donell@somemail.com,Karly.Donell@anothermail.com,doctor
325,Kara-Lynn,Gaal,Kara-Lynn.Gaal@somemail.com,Kara-Lynn.Gaal@anothermail.com,firefighter
326,Annice,Elo,Annice.Elo@somemail.com,Annice.Elo@anothermail.com,firefighter
327,Tori,Zenas,Tori.Zenas@somemail.com,Tori.Zenas@anothermail.com,developer
328,Cam,Forrer,Cam.Forrer@somemail.com,Cam.Forrer@anothermail.com,doctor
329,Adelle,Glenden,Adelle.Glenden@somemail.com,Adelle.Glenden@anothermail.com,doctor
330,Violet,Dosia,Violet.Dosia@somemail.com,Violet.Dosia@anothermail.com,worker
331,Carolina,Wallis,Carolina.Wallis@somemail.com,Carolina.Wallis@anothermail.com,doctor
332,Pollyanna,Hollingsworth,Pollyanna.Hollingsworth@somemail.com,Pollyanna.Hollingsworth@anothermail.com,doctor
333,Dennie,Phaidra,Dennie.Phaidra@somemail.com,Dennie.Phaidra@anothermail.com,developer
334,Dione,Thomasina,Dione.Thomasina@somemail.com,Dione.Thomasina@anothermail.com,developer
335,Chrystel,Brackely,Chrystel.Brackely@somemail.com,Chrystel.Brackely@anothermail.com,worker
336,Shirlee,Tacye,Shirlee.Tacye@somemail.com,Shirlee.Tacye@anothermail.com,worker
337,Meghann,Constancy,Meghann.Constancy@somemail.com,Meghann.Constancy@anothermail.com,doctor
338,Hettie,Bergman,Hettie.Bergman@somemail.com,Hettie.Bergman@anothermail.com,developer
339,Lexine,Rona,Lexine.Rona@somemail.com,Lexine.Rona@anothermail.com,developer
340,Annecorinne,Gaulin,Annecorinne.Gaulin@somemail.com,Annecorinne.Gaulin@anothermail.com,firefighter
341,Marline,Doig,Marline.Doig@somemail.com,Marline.Doig@anothermail.com,developer
342,Tarra,Evangelia,Tarra.Evangelia@somemail.com,Tarra.Evangelia@anothermail.com,developer
343,Trudie,Himelman,Trudie.Himelman@somemail.com,Trudie.Himelman@anothermail.com,firefighter
344,Ezmeralda,Ruvolo,Ezmeralda.Ruvolo@somemail.com,Ezmeralda.Ruvolo@anothermail.com,developer
345,Georgetta,Dawkins,Georgetta.Dawkins@somemail.com,Georgetta.Dawkins@anothermail.com,doctor
346,Selia,Letsou,Selia.Letsou@somemail.com,Selia.Letsou@anothermail.com,firefighter
347,Claudina,Seumas,Claudina.Seumas@somemail.com,Claudina.Seumas@anothermail.com,worker
348,Nelle,Girardo,Nelle.Girardo@somemail.com,Nelle.Girardo@anothermail.com,police officer
349,Adelle,Ledah,Adelle.Ledah@somemail.com,Adelle.Ledah@anothermail.com,doctor
350,Trudie,Voletta,Trudie.Voletta@somemail.com,Trudie.Voletta@anothermail.com,firefighter
351,Layla,Hortensia,Layla.Hortensia@somemail.com,Layla.Hortensia@anothermail.com,firefighter
352,Aurore,Ioab,Aurore.Ioab@somemail.com,Aurore.Ioab@anothermail.com,firefighter
353,Gui,Loring,Gui.Loring@somemail.com,Gui.Loring@anothermail.com,developer
354,Ernesta,Bultman,Ernesta.Bultman@somemail.com,Ernesta.Bultman@anothermail.com,firefighter
355,Melanie,Orlene,Melanie.Orlene@somemail.com,Melanie.Orlene@anothermail.com,doctor
356,Marline,Suanne,Marline.Suanne@somemail.com,Marline.Suanne@anothermail.com,police officer
357,Dari,Gemini,Dari.Gemini@somemail.com,Dari.Gemini@anothermail.com,firefighter
358,Cyb,Juan,Cyb.Juan@somemail.com,Cyb.Juan@anothermail.com,doctor
359,Etta,Peti,Etta.Peti@somemail.com,Etta.Peti@anothermail.com,worker
360,Britte,Freddi,Britte.Freddi@somemail.com,Britte.Freddi@anothermail.com,worker
361,Heida,Lumbard,Heida.Lumbard@somemail.com,Heida.Lumbard@anothermail.com,developer
362,Darlleen,Elvyn,Darlleen.Elvyn@somemail.com,Darlleen.Elvyn@anothermail.com,firefighter
363,Aaren,Wind,Aaren.Wind@somemail.com,Aaren.Wind@anothermail.com,police officer
364,Gianina,Belldas,Gianina.Belldas@somemail.com,Gianina.Belldas@anothermail.com,doctor
365,Shauna,Daegal,Shauna.Daegal@somemail.com,Shauna.Daegal@anothermail.com,worker
366,Darci,Michella,Darci.Michella@somemail.com,Darci.Michella@anothermail.com,police officer
367,Glenda,Fax,Glenda.Fax@somemail.com,Glenda.Fax@anothermail.com,firefighter
368,Ann-Marie,Heisel,Ann-Marie.Heisel@somemail.com,Ann-Marie.Heisel@anothermail.com,police officer
369,Harrietta,Ellerey,Harrietta.Ellerey@somemail.com,Harrietta.Ellerey@anothermail.com,worker
370,Noelle,Camden,Noelle.Camden@somemail.com,Noelle.Camden@anothermail.com,worker
371,Blondelle,Trinetta,Blondelle.Trinetta@somemail.com,Blondelle.Trinetta@anothermail.com,police officer
372,Therine,Docilla,Therine.Docilla@somemail.com,Therine.Docilla@anothermail.com,worker
373,Caryl,Dulciana,Caryl.Dulciana@somemail.com,Caryl.Dulciana@anothermail.com,firefighter
374,Wilma,Tiffa,Wilma.Tiffa@somemail.com,Wilma.Tiffa@anothermail.com,firefighter
375,Caryl,LaRue,Caryl.LaRue@somemail.com,Caryl.LaRue@anothermail.com,firefighter
376,Keelia,Jobi,Keelia.Jobi@somemail.com,Keelia.Jobi@anothermail.com,firefighter
377,Sibella,Krystle,Sibella.Krystle@somemail.com,Sibella.Krystle@anothermail.com,doctor
378,Jinny,Torray,Jinny.Torray@somemail.com,Jinny.Torray@anothermail.com,developer
379,Brooks,Clywd,Brooks.Clywd@somemail.com,Brooks.Clywd@anothermail.com,doctor
380,Shauna,Campball,Shauna.Campball@somemail.com,Shauna.Campball@anothermail.com,police officer
381,Roslyn,Wadell,Roslyn.Wadell@somemail.com,Roslyn.Wadell@anothermail.com,doctor
382,Cacilie,Frodi,Cacilie.Frodi@somemail.com,Cacilie.Frodi@anothermail.com,firefighter
383,Elbertina,Martguerita,Elbertina.Martguerita@somemail.com,Elbertina.Martguerita@anothermail.com,worker
384,Sharlene,Stefa,Sharlene.Stefa@somemail.com,Sharlene.Stefa@anothermail.com,firefighter
385,Fanny,McAdams,Fanny.McAdams@somemail.com,Fanny.McAdams@anothermail.com,police officer
386,Daune,Rheingold,Daune.Rheingold@somemail.com,Daune.Rheingold@anothermail.com,firefighter
387,Winifred,Parette,Winifred.Parette@somemail.com,Winifred.Parette@anothermail.com,firefighter
388,Florie,Suanne,Florie.Suanne@somemail.com,Florie.Suanne@anothermail.com,developer
389,Collen,Bronk,Collen.Bronk@somemail.com,Collen.Bronk@anothermail.com,developer
390,Maridel,Hurley,Maridel.Hurley@somemail.com,Maridel.Hurley@anothermail.com,developer
391,Dianemarie,Carleen,Dianemarie.Carleen@somemail.com,Dianemarie.Carleen@anothermail.com,firefighter
392,Hallie,Poll,Hallie.Poll@somemail.com,Hallie.Poll@anothermail.com,doctor
393,Genovera,Georas,Genovera.Georas@somemail.com,Genovera.Georas@anothermail.com,firefighter
394,Courtnay,Paine,Courtnay.Paine@somemail.com,Courtnay.Paine@anothermail.com,police officer
395,Mamie,O'Carroll,Mamie.O'Carroll@somemail.com,Mamie.O'Carroll@anothermail.com,police officer
396,Desirae,Tristram,Desirae.Tristram@somemail.com,Desirae.Tristram@anothermail.com,doctor
397,Cyndie,Skurnik,Cyndie.Skurnik@somemail.com,Cyndie.Skurnik@anothermail.com,firefighter
398,Winny,Donoghue,Winny.Donoghue@somemail.com,Winny.Donoghue@anothermail.com,police officer
399,Merle,Demitria,Merle.Demitria@somemail.com,Merle.Demitria@anothermail.com,doctor
400,Viviene,Zrike,Viviene.Zrike@somemail.com,Viviene.Zrike@anothermail.com,police officer
401,Chere,Rubie,Chere.Rubie@somemail.com,Chere.Rubie@anothermail.com,doctor
402,Caressa,Ortrude,Caressa.Ortrude@somemail.com,Caressa.Ortrude@anothermail.com,firefighter
403,Zondra,Vittoria,Zondra.Vittoria@somemail.com,Zondra.Vittoria@anothermail.com,firefighter
404,Sidoney,Diogenes,Sidoney.Diogenes@somemail.com,Sidoney.Diogenes@anothermail.com,doctor
405,Lila,Ranjiv,Lila.Ranjiv@somemail.com,Lila.Ranjiv@anothermail.com,worker
406,Belinda,Joeann,Belinda.Joeann@somemail.com,Belinda.Joeann@anothermail.com,doctor
407,Jan,Fredi,Jan.Fredi@somemail.com,Jan.Fredi@anothermail.com,doctor
408,Ayn,Septima,Ayn.Septima@somemail.com,Ayn.Septima@anothermail.com,worker
409,Ericka,Melan,Ericka.Melan@somemail.com,Ericka.Melan@anothermail.com,developer
410,Fina,Constancy,Fina.Constancy@somemail.com,Fina.Constancy@anothermail.com,police officer
411,Tersina,Philoo,Tersina.Philoo@somemail.com,Tersina.Philoo@anothermail.com,firefighter
412,Brianna,Lynn,Brianna.Lynn@somemail.com,Brianna.Lynn@anothermail.com,worker
413,Regina,Croix,Regina.Croix@somemail.com,Regina.Croix@anothermail.com,police officer
414,Moyna,Moseley,Moyna.Moseley@somemail.com,Moyna.Moseley@anothermail.com,doctor
415,Monika,Anselmi,Monika.Anselmi@somemail.com,Monika.Anselmi@anothermail.com,doctor
416,Tarra,Talia,Tarra.Talia@somemail.com,Tarra.Talia@anothermail.com,developer
417,Gwenneth,Alabaster,Gwenneth.Alabaster@somemail.com,Gwenneth.Alabaster@anothermail.com,worker
418,Gale,Marcellus,Gale.Marcellus@somemail.com,Gale.Marcellus@anothermail.com,police officer
419,Justinn,Wu,Justinn.Wu@somemail.com,Justinn.Wu@anothermail.com,developer
420,Marinna,Irmine,Marinna.Irmine@somemail.com,Marinna.Irmine@anothermail.com,police officer
421,Oralee,Cornelia,Oralee.Cornelia@somemail.com,Oralee.Cornelia@anothermail.com,doctor
422,Alia,Nunci,Alia.Nunci@somemail.com,Alia.Nunci@anothermail.com,worker
423,Hettie,Sidonius,Hettie.Sidonius@somemail.com,Hettie.Sidonius@anothermail.com,developer
424,Janis,Shanley,Janis.Shanley@somemail.com,Janis.Shanley@anothermail.com,worker
425,Gabi,Rooney,Gabi.Rooney@somemail.com,Gabi.Rooney@anothermail.com,doctor
426,Cordi,Sisile,Cordi.Sisile@somemail.com,Cordi.Sisile@anothermail.com,police officer
427,Audrie,Raul,Audrie.Raul@somemail.com,Audrie.Raul@anothermail.com,worker
428,Vita,Afton,Vita.Afton@somemail.com,Vita.Afton@anothermail.com,police officer
429,Nataline,Swigart,Nataline.Swigart@somemail.com,Nataline.Swigart@anothermail.com,developer
430,Dode,Jarib,Dode.Jarib@somemail.com,Dode.Jarib@anothermail.com,developer
431,Jacenta,Jess,Jacenta.Jess@somemail.com,Jacenta.Jess@anothermail.com,police officer
432,Dania,Nea,Dania.Nea@somemail.com,Dania.Nea@anothermail.com,police officer
433,Angelique,Bashemeth,Angelique.Bashemeth@somemail.com,Angelique.Bashemeth@anothermail.com,worker
434,Keelia,Fiester,Keelia.Fiester@somemail.com,Keelia.Fiester@anothermail.com,developer
435,Tracey,Charmine,Tracey.Charmine@somemail.com,Tracey.Charmine@anothermail.com,worker
436,Fawne,Fleeta,Fawne.Fleeta@somemail.com,Fawne.Fleeta@anothermail.com,firefighter
437,Raf,Rooney,Raf.Rooney@somemail.com,Raf.Rooney@anothermail.com,developer
438,Tilly,Casimir,Tilly.Casimir@somemail.com,Tilly.Casimir@anothermail.com,worker
439,Sheelagh,Shelba,Sheelagh.Shelba@somemail.com,Sheelagh.Shelba@anothermail.com,firefighter
440,Steffane,Brackely,Steffane.Brackely@somemail.com,Steffane.Brackely@anothermail.com,doctor
441,Dennie,Aldric,Dennie.Aldric@somemail.com,Dennie.Aldric@anothermail.com,firefighter
442,Adelle,Linehan,Adelle.Linehan@somemail.com,Adelle.Linehan@anothermail.com,doctor
443,Shaylyn,Ledah,Shaylyn.Ledah@somemail.com,Shaylyn.Ledah@anothermail.com,police officer
444,Tonia,Chem,Tonia.Chem@somemail.com,Tonia.Chem@anothermail.com,worker
445,Krystle,Connelly,Krystle.Connelly@somemail.com,Krystle.Connelly@anothermail.com,doctor
446,Larine,Frodi,Larine.Frodi@somemail.com,Larine.Frodi@anothermail.com,worker
447,Hannis,Grayce,Hannis.Grayce@somemail.com,Hannis.Grayce@anothermail.com,developer
448,Marsiella,Gusella,Marsiella.Gusella@somemail.com,Marsiella.Gusella@anothermail.com,doctor
449,Georgetta,Alabaster,Georgetta.Alabaster@somemail.com,Georgetta.Alabaster@anothermail.com,worker
450,Nataline,Dominy,Nataline.Dominy@somemail.com,Nataline.Dominy@anothermail.com,worker
451,Annora,Terencio,Annora.Terencio@somemail.com,Annora.Terencio@anothermail.com,doctor
452,Phylis,Middleton,Phylis.Middleton@somemail.com,Phylis.Middleton@anothermail.com,firefighter
453,Grier,Creamer,Grier.Creamer@somemail.com,Grier.Creamer@anothermail.com,developer
454,Aurelie,Ader,Aurelie.Ader@somemail.com,Aurelie.Ader@anothermail.com,police officer
455,Lorne,McGrody,Lorne.McGrody@somemail.com,Lorne.McGrody@anothermail.com,developer
456,Esmeralda,Valerio,Esmeralda.Valerio@somemail.com,Esmeralda.Valerio@anothermail.com,police officer
457,Merle,Baptlsta,Merle.Baptlsta@somemail.com,Merle.Baptlsta@anothermail.com,doctor
458,Vevay,Buckler,Vevay.Buckler@somemail.com,Vevay.Buckler@anothermail.com,developer
459,Marguerite,Uird,Marguerite.Uird@somemail.com,Marguerite.Uird@anothermail.com,developer
460,Ada,Tarrant,Ada.Tarrant@somemail.com,Ada.Tarrant@anothermail.com,firefighter
461,Ottilie,Atcliffe,Ottilie.Atcliffe@somemail.com,Ottilie.Atcliffe@anothermail.com,worker
462,Amalie,Ochs,Amalie.Ochs@somemail.com,Amalie.Ochs@anothermail.com,developer
463,Margarette,Natalia,Margarette.Natalia@somemail.com,Margarette.Natalia@anothermail.com,doctor
464,Doro,Ariella,Doro.Ariella@somemail.com,Doro.Ariella@anothermail.com,police officer
465,Susan,Schwejda,Susan.Schwejda@somemail.com,Susan.Schwejda@anothermail.com,firefighter
466,Lauryn,Euridice,Lauryn.Euridice@somemail.com,Lauryn.Euridice@anothermail.com,police officer
467,Annecorinne,Monk,Annecorinne.Monk@somemail.com,Annecorinne.Monk@anothermail.com,worker
468,Caritta,Rad,Caritta.Rad@somemail.com,Caritta.Rad@anothermail.com,developer
469,Aryn,Malanie,Aryn.Malanie@somemail.com,Aryn.Malanie@anothermail.com,worker
470,Gianina,Harl,Gianina.Harl@somemail.com,Gianina.Harl@anothermail.com,firefighter
471,Heida,Kunin,Heida.Kunin@somemail.com,Heida.Kunin@anothermail.com,police officer
472,Mathilda,Adore,Mathilda.Adore@somemail.com,Mathilda.Adore@anothermail.com,police officer
473,Daphne,Dielu,Daphne.Dielu@somemail.com,Daphne.Dielu@anothermail.com,police officer
474,Trudie,Bartlett,Trudie.Bartlett@somemail.com,Trudie.Bartlett@anothermail.com,developer
475,Micheline,Westphal,Micheline.Westphal@somemail.com,Micheline.Westphal@anothermail.com,firefighter
476,Leontine,Berl,Leontine.Berl@somemail.com,Leontine.Berl@anothermail.com,firefighter
477,Claudina,Munn,Claudina.Munn@somemail.com,Claudina.Munn@anothermail.com,firefighter
478,Gwenneth,Louanna,Gwenneth.Louanna@somemail.com,Gwenneth.Louanna@anothermail.com,worker
479,Florencia,Paton,Florencia.Paton@somemail.com,Florencia.Paton@anothermail.com,doctor
480,Misha,Mendez,Misha.Mendez@somemail.com,Misha.Mendez@anothermail.com,firefighter
481,Edee,Timon,Edee.Timon@somemail.com,Edee.Timon@anothermail.com,police officer
482,Nanete,Ortrude,Nanete.Ortrude@somemail.com,Nanete.Ortrude@anothermail.com,firefighter
483,Yetty,Gombach,Yetty.Gombach@somemail.com,Yetty.Gombach@anothermail.com,worker
484,Jessy,Sparhawk,Jessy.Sparhawk@somemail.com,Jessy.Sparhawk@anothermail.com,firefighter
485,Kamilah,Stoller,Kamilah.Stoller@somemail.com,Kamilah.Stoller@anothermail.com,firefighter
486,Camile,Tannie,Camile.Tannie@somemail.com,Camile.Tannie@anothermail.com,developer
487,Olwen,Louanna,Olwen.Louanna@somemail.com,Olwen.Louanna@anothermail.com,developer
488,Jaime,Tengdin,Jaime.Tengdin@somemail.com,Jaime.Tengdin@anothermail.com,firefighter
489,Sean,Seligman,Sean.Seligman@somemail.com,Sean.Seligman@anothermail.com,doctor
490,Ricky,Madaih,Ricky.Madaih@somemail.com,Ricky.Madaih@anothermail.com,firefighter
491,Jere,Rogerio,Jere.Rogerio@somemail.com,Jere.Rogerio@anothermail.com,police officer
492,Neila,Barney,Neila.Barney@somemail.com,Neila.Barney@anothermail.com,developer
493,Juliane,Janith,Juliane.Janith@somemail.com,Juliane.Janith@anothermail.com,police officer
494,Genovera,Sundin,Genovera.Sundin@somemail.com,Genovera.Sundin@anothermail.com,police officer
495,Tiffie,Zina,Tiffie.Zina@somemail.com,Tiffie.Zina@anothermail.com,developer
496,Evita,Chabot,Evita.Chabot@somemail.com,Evita.Chabot@anothermail.com,police officer
497,Sara-Ann,Barbey,Sara-Ann.Barbey@somemail.com,Sara-Ann.Barbey@anothermail.com,firefighter
498,Dari,Brodench,Dari.Brodench@somemail.com,Dari.Brodench@anothermail.com,firefighter
499,Brooks,Morehouse,Brooks.Morehouse@somemail.com,Brooks.Morehouse@anothermail.com,police officer
500,Halette,Pacorro,Halette.Pacorro@somemail.com,Halette.Pacorro@anothermail.com,police officer
501,Blondelle,Raffo,Blondelle.Raffo@somemail.com,Blondelle.Raffo@anothermail.com,worker
502,Hermione,Pacorro,Hermione.Pacorro@somemail.com,Hermione.Pacorro@anothermail.com,police officer
503,Ursulina,Salvidor,Ursulina.Salvidor@somemail.com,Ursulina.Salvidor@anothermail.com,developer
504,Quintina,Munn,Quintina.Munn@somemail.com,Quintina.Munn@anothermail.com,police officer
505,Leanna,Haerr,Leanna.Haerr@somemail.com,Leanna.Haerr@anothermail.com,developer
506,Blinni,Nedrud,Blinni.Nedrud@somemail.com,Blinni.Nedrud@anothermail.com,police officer
507,Wanda,Millda,Wanda.Millda@somemail.com,Wanda.Millda@anothermail.com,worker
508,Jessy,Ramona,Jessy.Ramona@somemail.com,Jessy.Ramona@anothermail.com,police officer
509,Anica,Friede,Anica.Friede@somemail.com,Anica.Friede@anothermail.com,developer
510,Lacie,Constancy,Lacie.Constancy@somemail.com,Lacie.Constancy@anothermail.com,police officer
511,Lilith,Clarissa,Lilith.Clarissa@somemail.com,Lilith.Clarissa@anothermail.com,developer
512,Bertine,Jerald,Bertine.Jerald@somemail.com,Bertine.Jerald@anothermail.com,developer
513,Robinia,Radu,Robinia.Radu@somemail.com,Robinia.Radu@anothermail.com,firefighter
514,Mara,Marijo,Mara.Marijo@somemail.com,Mara.Marijo@anothermail.com,police officer
515,Elbertina,Baylor,Elbertina.Baylor@somemail.com,Elbertina.Baylor@anothermail.com,worker
516,Danika,Bouchard,Danika.Bouchard@somemail.com,Danika.Bouchard@anothermail.com,police officer
517,Gui,Genna,Gui.Genna@somemail.com,Gui.Genna@anothermail.com,worker
518,Lanna,Francyne,Lanna.Francyne@somemail.com,Lanna.Francyne@anothermail.com,police officer
519,Sean,Schroth,Sean.Schroth@somemail.com,Sean.Schroth@anothermail.com,firefighter
520,Vivia,Zamora,Vivia.Zamora@somemail.com,Vivia.Zamora@anothermail.com,doctor
521,Gui,Lia,Gui.Lia@somemail.com,Gui.Lia@anothermail.com,developer
522,Basia,Annabella,Basia.Annabella@somemail.com,Basia.Annabella@anothermail.com,police officer
523,Tabbatha,Bevin,Tabbatha.Bevin@somemail.com,Tabbatha.Bevin@anothermail.com,police officer
524,Yolane,Frendel,Yolane.Frendel@somemail.com,Yolane.Frendel@anothermail.com,developer
525,Fina,Anis,Fina.Anis@somemail.com,Fina.Anis@anothermail.com,doctor
526,Benita,Letsou,Benita.Letsou@somemail.com,Benita.Letsou@anothermail.com,worker
527,Nadine,Cassius,Nadine.Cassius@somemail.com,Nadine.Cassius@anothermail.com,worker
528,Lily,Himelman,Lily.Himelman@somemail.com,Lily.Himelman@anothermail.com,police officer
529,Flo,Chapland,Flo.Chapland@somemail.com,Flo.Chapland@anothermail.com,firefighter
530,Kalina,Lissi,Kalina.Lissi@somemail.com,Kalina.Lissi@anothermail.com,firefighter
531,Jerry,Cleo,Jerry.Cleo@somemail.com,Jerry.Cleo@anothermail.com,firefighter
532,Barbara,Karylin,Barbara.Karylin@somemail.com,Barbara.Karylin@anothermail.com,developer
533,Evita,Viddah,Evita.Viddah@somemail.com,Evita.Viddah@anothermail.com,firefighter
534,Gusty,Pettiford,Gusty.Pettiford@somemail.com,Gusty.Pettiford@anothermail.com,doctor
535,Katuscha,Hubert,Katuscha.Hubert@somemail.com,Katuscha.Hubert@anothermail.com,firefighter
536,Catrina,Anestassia,Catrina.Anestassia@somemail.com,Catrina.Anestassia@anothermail.com,police officer
537,Madalyn,Stanwood,Madalyn.Stanwood@somemail.com,Madalyn.Stanwood@anothermail.com,worker
538,Lacie,Juliet,Lacie.Juliet@somemail.com,Lacie.Juliet@anothermail.com,worker
539,Violet,Mullane,Violet.Mullane@somemail.com,Violet.Mullane@anothermail.com,doctor
540,Feliza,Wadell,Feliza.Wadell@somemail.com,Feliza.Wadell@anothermail.com,firefighter
541,Karlee,Kolnick,Karlee.Kolnick@somemail.com,Karlee.Kolnick@anothermail.com,doctor
542,Gaylene,Adore,Gaylene.Adore@somemail.com,Gaylene.Adore@anothermail.com,worker
543,Harrietta,Berard,Harrietta.Berard@somemail.com,Harrietta.Berard@anothermail.com,police officer
544,Janenna,Raffo,Janenna.Raffo@somemail.com,Janenna.Raffo@anothermail.com,firefighter
545,Agnese,Tryck,Agnese.Tryck@somemail.com,Agnese.Tryck@anothermail.com,doctor
546,Gui,Selway,Gui.Selway@somemail.com,Gui.Selway@anothermail.com,worker
547,Michaelina,Henrie,Michaelina.Henrie@somemail.com,Michaelina.Henrie@anothermail.com,developer
548,Cherilyn,Bigner,Cherilyn.Bigner@somemail.com,Cherilyn.Bigner@anothermail.com,firefighter
549,Sarette,Drisko,Sarette.Drisko@somemail.com,Sarette.Drisko@anothermail.com,doctor
550,Melisent,Emanuel,Melisent.Emanuel@somemail.com,Melisent.Emanuel@anothermail.com,doctor
551,Averyl,Grimbly,Averyl.Grimbly@somemail.com,Averyl.Grimbly@anothermail.com,firefighter
552,Susan,Dorcy,Susan.Dorcy@somemail.com,Susan.Dorcy@anothermail.com,worker
553,Merrie,Wilona,Merrie.Wilona@somemail.com,Merrie.Wilona@anothermail.com,worker
554,Pierette,Tarrant,Pierette.Tarrant@somemail.com,Pierette.Tarrant@anothermail.com,worker
555,Carlie,Ingra,Carlie.Ingra@somemail.com,Carlie.Ingra@anothermail.com,worker
556,Harrietta,Weinreb,Harrietta.Weinreb@somemail.com,Harrietta.Weinreb@anothermail.com,firefighter
557,Hildegaard,Parette,Hildegaard.Parette@somemail.com,Hildegaard.Parette@anothermail.com,police officer
558,Jeanna,Gillan,Jeanna.Gillan@somemail.com,Jeanna.Gillan@anothermail.com,worker
559,Feliza,Woodberry,Feliza.Woodberry@somemail.com,Feliza.Woodberry@anothermail.com,doctor
560,Amii,Candy,Amii.Candy@somemail.com,Amii.Candy@anothermail.com,worker
561,Hallie,Morgun,Hallie.Morgun@somemail.com,Hallie.Morgun@anothermail.com,firefighter
562,Alyda,Montgomery,Alyda.Montgomery@somemail.com,Alyda.Montgomery@anothermail.com,police officer
563,Myrtice,Trinetta,Myrtice.Trinetta@somemail.com,Myrtice.Trinetta@anothermail.com,worker
564,Minda,Mallon,Minda.Mallon@somemail.com,Minda.Mallon@anothermail.com,developer
565,Dione,Naashom,Dione.Naashom@somemail.com,Dione.Naashom@anothermail.com,doctor
566,Deloria,Cullin,Deloria.Cullin@somemail.com,Deloria.Cullin@anothermail.com,worker
567,Kelly,Rozanna,Kelly.Rozanna@somemail.com,Kelly.Rozanna@anothermail.com,doctor
568,Donnie,Zina,Donnie.Zina@somemail.com,Donnie.Zina@anothermail.com,police officer
569,Liana,Regan,Liana.Regan@somemail.com,Liana.Regan@anothermail.com,developer
570,Karlee,Cimbura,Karlee.Cimbura@somemail.com,Karlee.Cimbura@anothermail.com,firefighter
571,Adore,Janith,Adore.Janith@somemail.com,Adore.Janith@anothermail.com,firefighter
572,Sharai,Faro,Sharai.Faro@somemail.com,Sharai.Faro@anothermail.com,developer
573,Dacia,Aldric,Dacia.Aldric@somemail.com,Dacia.Aldric@anothermail.com,firefighter
574,Corene,Malina,Corene.Malina@somemail.com,Corene.Malina@anothermail.com,worker
575,Mariann,Harriman,Mariann.Harriman@somemail.com,Mariann.Harriman@anothermail.com,developer
576,Dorice,Quinn,Dorice.Quinn@somemail.com,Dorice.Quinn@anothermail.com,developer
577,Joane,Federica,Joane.Federica@somemail.com,Joane.Federica@anothermail.com,worker
578,Riannon,Loeb,Riannon.Loeb@somemail.com,Riannon.Loeb@anothermail.com,firefighter
579,Mariele,Kress,Mariele.Kress@somemail.com,Mariele.Kress@anothermail.com,developer
580,Marinna,Briney,Marinna.Briney@somemail.com,Marinna.Briney@anothermail.com,firefighter
581,Lusa,Sabella,Lusa.Sabella@somemail.com,Lusa.Sabella@anothermail.com,developer
582,Kelly,Bord,Kelly.Bord@somemail.com,Kelly.Bord@anothermail.com,police officer
583,Janey,Ricki,Janey.Ricki@somemail.com,Janey.Ricki@anothermail.com,firefighter
584,Lisette,Erich,Lisette.Erich@somemail.com,Lisette.Erich@anothermail.com,developer
585,Susette,Fosque,Susette.Fosque@somemail.com,Susette.Fosque@anothermail.com,police officer
586,Julieta,Frendel,Julieta.Frendel@somemail.com,Julieta.Frendel@anothermail.com,doctor
587,Nannie,Heisel,Nannie.Heisel@somemail.com,Nannie.Heisel@anothermail.com,police officer
588,Hallie,Arquit,Hallie.Arquit@somemail.com,Hallie.Arquit@anothermail.com,doctor
589,Cindelyn,Roxanna,Cindelyn.Roxanna@somemail.com,Cindelyn.Roxanna@anothermail.com,developer
590,Violet,Nore,Violet.Nore@somemail.com,Violet.Nore@anothermail.com,developer
591,Rosabelle,Kenney,Rosabelle.Kenney@somemail.com,Rosabelle.Kenney@anothermail.com,developer
592,Valera,Voletta,Valera.Voletta@somemail.com,Valera.Voletta@anothermail.com,developer
593,Lexine,Vilma,Lexine.Vilma@somemail.com,Lexine.Vilma@anothermail.com,worker
594,Emylee,Erlandson,Emylee.Erlandson@somemail.com,Emylee.Erlandson@anothermail.com,developer
595,Carly,Liebermann,Carly.Liebermann@somemail.com,Carly.Liebermann@anothermail.com,police officer
596,Lisette,Turne,Lisette.Turne@somemail.com,Lisette.Turne@anothermail.com,firefighter
597,Lucille,Kimmie,Lucille.Kimmie@somemail.com,Lucille.Kimmie@anothermail.com,worker
598,Marline,Kenney,Marline.Kenney@somemail.com,Marline.Kenney@anothermail.com,police officer
599,Libbie,Alarise,Libbie.Alarise@somemail.com,Libbie.Alarise@anothermail.com,firefighter
600,Hope,Thema,Hope.Thema@somemail.com,Hope.Thema@anothermail.com,police officer
601,Carol-Jean,Uird,Carol-Jean.Uird@somemail.com,Carol-Jean.Uird@anothermail.com,worker
602,Adriana,Kamaria,Adriana.Kamaria@somemail.com,Adriana.Kamaria@anothermail.com,police officer
603,Imojean,Fiester,Imojean.Fiester@somemail.com,Imojean.Fiester@anothermail.com,developer
604,Dede,Thema,Dede.Thema@somemail.com,Dede.Thema@anothermail.com,developer
605,Blinni,Margarete,Blinni.Margarete@somemail.com,Blinni.Margarete@anothermail.com,firefighter
606,Carree,Durware,Carree.Durware@somemail.com,Carree.Durware@anothermail.com,police officer
607,Althea,Pandolfi,Althea.Pandolfi@somemail.com,Althea.Pandolfi@anothermail.com,developer
608,Yvonne,Gibbeon,Yvonne.Gibbeon@somemail.com,Yvonne.Gibbeon@anothermail.com,developer
609,Mary,Elephus,Mary.Elephus@somemail.com,Mary.Elephus@anothermail.com,worker
610,Gwenneth,Georas,Gwenneth.Georas@somemail.com,Gwenneth.Georas@anothermail.com,worker
611,Tiffie,Dituri,Tiffie.Dituri@somemail.com,Tiffie.Dituri@anothermail.com,developer
612,Roxane,Pozzy,Roxane.Pozzy@somemail.com,Roxane.Pozzy@anothermail.com,developer
613,Elise,Amasa,Elise.Amasa@somemail.com,Elise.Amasa@anothermail.com,police officer
614,Marjie,Cosenza,Marjie.Cosenza@somemail.com,Marjie.Cosenza@anothermail.com,police officer
615,Barbara,Bashemeth,Barbara.Bashemeth@somemail.com,Barbara.Bashemeth@anothermail.com,developer
616,Corina,Kaja,Corina.Kaja@somemail.com,Corina.Kaja@anothermail.com,firefighter
617,Margalo,Hubert,Margalo.Hubert@somemail.com,Margalo.Hubert@anothermail.com,firefighter
618,Mara,Johanna,Mara.Johanna@somemail.com,Mara.Johanna@anothermail.com,doctor
619,Dyann,Infield,Dyann.Infield@somemail.com,Dyann.Infield@anothermail.com,firefighter
620,Angela,Armanda,Angela.Armanda@somemail.com,Angela.Armanda@anothermail.com,firefighter
621,Desirae,Nisbet,Desirae.Nisbet@somemail.com,Desirae.Nisbet@anothermail.com,doctor
622,Elyssa,Selway,Elyssa.Selway@somemail.com,Elyssa.Selway@anothermail.com,worker
623,Deloria,Georgy,Deloria.Georgy@somemail.com,Deloria.Georgy@anothermail.com,developer
624,Vevay,Oneida,Vevay.Oneida@somemail.com,Vevay.Oneida@anothermail.com,firefighter
625,Jean,Tomasina,Jean.Tomasina@somemail.com,Jean.Tomasina@anothermail.com,police officer
626,Corry,Voletta,Corry.Voletta@somemail.com,Corry.Voletta@anothermail.com,police officer
627,Chloris,Schwejda,Chloris.Schwejda@somemail.com,Chloris.Schwejda@anothermail.com,doctor
628,Eve,Lilybelle,Eve.Lilybelle@somemail.com,Eve.Lilybelle@anothermail.com,developer
629,Ulrike,Posner,Ulrike.Posner@somemail.com,Ulrike.Posner@anothermail.com,doctor
630,Molli,Nance,Molli.Nance@somemail.com,Molli.Nance@anothermail.com,police officer
631,Marika,Lemuela,Marika.Lemuela@somemail.com,Marika.Lemuela@anothermail.com,doctor
632,Tierney,Kravits,Tierney.Kravits@somemail.com,Tierney.Kravits@anothermail.com,developer
633,Ilse,Isidore,Ilse.Isidore@somemail.com,Ilse.Isidore@anothermail.com,firefighter
634,Katleen,Even,Katleen.Even@somemail.com,Katleen.Even@anothermail.com,police officer
635,Laurene,Buttaro,Laurene.Buttaro@somemail.com,Laurene.Buttaro@anothermail.com,worker
636,Clarice,Manolo,Clarice.Manolo@somemail.com,Clarice.Manolo@anothermail.com,firefighter
637,Donetta,Lane,Donetta.Lane@somemail.com,Donetta.Lane@anothermail.com,developer
638,Claudina,Saunderson,Claudina.Saunderson@somemail.com,Claudina.Saunderson@anothermail.com,developer
639,Kassey,Haerr,Kassey.Haerr@somemail.com,Kassey.Haerr@anothermail.com,firefighter
640,Kial,Bandeen,Kial.Bandeen@somemail.com,Kial.Bandeen@anothermail.com,developer
641,Larine,Emmaline,Larine.Emmaline@somemail.com,Larine.Emmaline@anothermail.com,police officer
642,Chastity,Sophronia,Chastity.Sophronia@somemail.com,Chastity.Sophronia@anothermail.com,police officer
643,Amii,Podvin,Amii.Podvin@somemail.com,Amii.Podvin@anothermail.com,police officer
644,Dotty,Heidt,Dotty.Heidt@somemail.com,Dotty.Heidt@anothermail.com,police officer
645,Teriann,Bevin,Teriann.Bevin@somemail.com,Teriann.Bevin@anothermail.com,worker
646,Joy,Ingra,Joy.Ingra@somemail.com,Joy.Ingra@anothermail.com,developer
647,Berget,Sidonius,Berget.Sidonius@somemail.com,Berget.Sidonius@anothermail.com,developer
648,Carly,Donoghue,Carly.Donoghue@somemail.com,Carly.Donoghue@anothermail.com,police officer
649,Sherrie,Gombach,Sherrie.Gombach@somemail.com,Sherrie.Gombach@anothermail.com,doctor
650,Roxane,Santoro,Roxane.Santoro@somemail.com,Roxane.Santoro@anothermail.com,developer
651,Gertrud,Longfellow,Gertrud.Longfellow@somemail.com,Gertrud.Longfellow@anothermail.com,firefighter
652,Jessy,Rugen,Jessy.Rugen@somemail.com,Jessy.Rugen@anothermail.com,doctor
653,Emilia,Othilia,Emilia.Othilia@somemail.com,Emilia.Othilia@anothermail.com,developer
654,Jenda,Paton,Jenda.Paton@somemail.com,Jenda.Paton@anothermail.com,doctor
655,Jessamyn,Ardra,Jessamyn.Ardra@somemail.com,Jessamyn.Ardra@anothermail.com,developer
656,Clary,Erlandson,Clary.Erlandson@somemail.com,Clary.Erlandson@anothermail.com,firefighter
657,Evita,Barrus,Evita.Barrus@somemail.com,Evita.Barrus@anothermail.com,firefighter
658,Micheline,Medrek,Micheline.Medrek@somemail.com,Micheline.Medrek@anothermail.com,worker
659,Donnie,Creamer,Donnie.Creamer@somemail.com,Donnie.Creamer@anothermail.com,firefighter
660,Feliza,Cimbura,Feliza.Cimbura@somemail.com,Feliza.Cimbura@anothermail.com,firefighter
661,Celisse,Kare,Celisse.Kare@somemail.com,Celisse.Kare@anothermail.com,doctor
662,Chandra,Alarise,Chandra.Alarise@somemail.com,Chandra.Alarise@anothermail.com,police officer
663,Caressa,Paine,Caressa.Paine@somemail.com,Caressa.Paine@anothermail.com,police officer
664,Corry,Medrek,Corry.Medrek@somemail.com,Corry.Medrek@anothermail.com,developer
665,Britte,Pulsifer,Britte.Pulsifer@somemail.com,Britte.Pulsifer@anothermail.com,doctor
666,Keelia,Bigner,Keelia.Bigner@somemail.com,Keelia.Bigner@anothermail.com,developer
667,Sharlene,Reidar,Sharlene.Reidar@somemail.com,Sharlene.Reidar@anothermail.com,firefighter
668,Aurelie,Sancho,Aurelie.Sancho@somemail.com,Aurelie.Sancho@anothermail.com,firefighter
669,Sheelagh,Devlen,Sheelagh.Devlen@somemail.com,Sheelagh.Devlen@anothermail.com,developer
670,Clarice,Othilia,Clarice.Othilia@somemail.com,Clarice.Othilia@anothermail.com,developer
671,Elbertina,Ade,Elbertina.Ade@somemail.com,Elbertina.Ade@anothermail.com,worker
672,Alejandra,Gherardo,Alejandra.Gherardo@somemail.com,Alejandra.Gherardo@anothermail.com,police officer
673,Arlina,Truc,Arlina.Truc@somemail.com,Arlina.Truc@anothermail.com,firefighter
674,Frieda,Pacorro,Frieda.Pacorro@somemail.com,Frieda.Pacorro@anothermail.com,worker
675,Elena,Travax,Elena.Travax@somemail.com,Elena.Travax@anothermail.com,police officer
676,Carmela,Reidar,Carmela.Reidar@somemail.com,Carmela.Reidar@anothermail.com,firefighter
677,Viki,Madaih,Viki.Madaih@somemail.com,Viki.Madaih@anothermail.com,police officer
678,Daune,Pelagias,Daune.Pelagias@somemail.com,Daune.Pelagias@anothermail.com,developer
679,Pamella,Terencio,Pamella.Terencio@somemail.com,Pamella.Terencio@anothermail.com,doctor
680,Patricia,Dunkin,Patricia.Dunkin@somemail.com,Patricia.Dunkin@anothermail.com,worker
681,Dawn,Germann,Dawn.Germann@somemail.com,Dawn.Germann@anothermail.com,doctor
682,Brietta,Craggie,Brietta.Craggie@somemail.com,Brietta.Craggie@anothermail.com,doctor
683,Margette,Brittani,Margette.Brittani@somemail.com,Margette.Brittani@anothermail.com,worker
684,Fina,Ashok,Fina.Ashok@somemail.com,Fina.Ashok@anothermail.com,firefighter
685,Lita,Ezar,Lita.Ezar@somemail.com,Lita.Ezar@anothermail.com,firefighter
686,Claudina,Toni,Claudina.Toni@somemail.com,Claudina.Toni@anothermail.com,developer
687,Darlleen,My,Darlleen.My@somemail.com,Darlleen.My@anothermail.com,firefighter
688,Deirdre,Sothena,Deirdre.Sothena@somemail.com,Deirdre.Sothena@anothermail.com,police officer
689,Margalo,Joseph,Margalo.Joseph@somemail.com,Margalo.Joseph@anothermail.com,firefighter
690,Harrietta,Buffum,Harrietta.Buffum@somemail.com,Harrietta.Buffum@anothermail.com,doctor
691,Maud,Hessler,Maud.Hessler@somemail.com,Maud.Hessler@anothermail.com,doctor
692,Magdalena,Nickola,Magdalena.Nickola@somemail.com,Magdalena.Nickola@anothermail.com,developer
693,Meg,Auberbach,Meg.Auberbach@somemail.com,Meg.Auberbach@anothermail.com,firefighter
694,Ethel,Drisko,Ethel.Drisko@somemail.com,Ethel.Drisko@anothermail.com,developer
695,Max,Kristi,Max.Kristi@somemail.com,Max.Kristi@anothermail.com,worker
696,Cristine,Kress,Cristine.Kress@somemail.com,Cristine.Kress@anothermail.com,doctor
697,Clementine,Cadmar,Clementine.Cadmar@somemail.com,Clementine.Cadmar@anothermail.com,police officer
698,Coral,Travax,Coral.Travax@somemail.com,Coral.Travax@anothermail.com,police officer
699,Codie,Nester,Codie.Nester@somemail.com,Codie.Nester@anothermail.com,police officer
700,Bill,Valerio,Bill.Valerio@somemail.com,Bill.Valerio@anothermail.com,developer
701,Camile,Munn,Camile.Munn@somemail.com,Camile.Munn@anothermail.com,developer
702,Jessy,Shanley,Jessy.Shanley@somemail.com,Jessy.Shanley@anothermail.com,police officer
703,Reeba,Stav,Reeba.Stav@somemail.com,Reeba.Stav@anothermail.com,worker
704,Antonietta,Ricarda,Antonietta.Ricarda@somemail.com,Antonietta.Ricarda@anothermail.com,doctor
705,Mary,Pitt,Mary.Pitt@somemail.com,Mary.Pitt@anothermail.com,doctor
706,Ruthe,Bari,Ruthe.Bari@somemail.com,Ruthe.Bari@anothermail.com,police officer
707,Wynne,Durware,Wynne.Durware@somemail.com,Wynne.Durware@anothermail.com,worker
708,Jessy,Vharat,Jessy.Vharat@somemail.com,Jessy.Vharat@anothermail.com,doctor
709,Gianina,Wiener,Gianina.Wiener@somemail.com,Gianina.Wiener@anothermail.com,police officer
710,Eadie,Adalbert,Eadie.Adalbert@somemail.com,Eadie.Adalbert@anothermail.com,worker
711,Amii,Morgun,Amii.Morgun@somemail.com,Amii.Morgun@anothermail.com,doctor
712,Madeleine,Schonfeld,Madeleine.Schonfeld@somemail.com,Madeleine.Schonfeld@anothermail.com,worker
713,Annaliese,Hubert,Annaliese.Hubert@somemail.com,Annaliese.Hubert@anothermail.com,police officer
714,Fanchon,Mullane,Fanchon.Mullane@somemail.com,Fanchon.Mullane@anothermail.com,doctor
715,Donnie,Lipson,Donnie.Lipson@somemail.com,Donnie.Lipson@anothermail.com,police officer
716,Winny,Thema,Winny.Thema@somemail.com,Winny.Thema@anothermail.com,developer
717,Myriam,Rossner,Myriam.Rossner@somemail.com,Myriam.Rossner@anothermail.com,developer
718,Roxane,Delacourt,Roxane.Delacourt@somemail.com,Roxane.Delacourt@anothermail.com,doctor
719,Marsiella,Lissi,Marsiella.Lissi@somemail.com,Marsiella.Lissi@anothermail.com,doctor
720,Wilma,Faria,Wilma.Faria@somemail.com,Wilma.Faria@anothermail.com,doctor
721,Ginnie,Grayce,Ginnie.Grayce@somemail.com,Ginnie.Grayce@anothermail.com,police officer
722,Merle,Kussell,Merle.Kussell@somemail.com,Merle.Kussell@anothermail.com,worker
723,Meg,Marisa,Meg.Marisa@somemail.com,Meg.Marisa@anothermail.com,police officer
724,Mariele,Tyson,Mariele.Tyson@somemail.com,Mariele.Tyson@anothermail.com,worker
725,Joy,Jaylene,Joy.Jaylene@somemail.com,Joy.Jaylene@anothermail.com,worker
726,Raf,Holtz,Raf.Holtz@somemail.com,Raf.Holtz@anothermail.com,doctor
727,Meg,Saint,Meg.Saint@somemail.com,Meg.Saint@anothermail.com,doctor
728,Ezmeralda,Kiersten,Ezmeralda.Kiersten@somemail.com,Ezmeralda.Kiersten@anothermail.com,police officer
729,Karena,Natica,Karena.Natica@somemail.com,Karena.Natica@anothermail.com,police officer
730,Kerrin,Gaal,Kerrin.Gaal@somemail.com,Kerrin.Gaal@anothermail.com,worker
731,Amii,Taima,Amii.Taima@somemail.com,Amii.Taima@anothermail.com,firefighter
732,Marguerite,Chick,Marguerite.Chick@somemail.com,Marguerite.Chick@anothermail.com,worker
733,Nanete,Alice,Nanete.Alice@somemail.com,Nanete.Alice@anothermail.com,worker
734,Odessa,Mata,Odessa.Mata@somemail.com,Odessa.Mata@anothermail.com,police officer
735,Hyacinthe,Hashim,Hyacinthe.Hashim@somemail.com,Hyacinthe.Hashim@anothermail.com,worker
736,Gerrie,Buttaro,Gerrie.Buttaro@somemail.com,Gerrie.Buttaro@anothermail.com,doctor
737,Fanchon,Chandler,Fanchon.Chandler@somemail.com,Fanchon.Chandler@anothermail.com,police officer
738,Lindie,Bultman,Lindie.Bultman@somemail.com,Lindie.Bultman@anothermail.com,firefighter
739,Frieda,Nunci,Frieda.Nunci@somemail.com,Frieda.Nunci@anothermail.com,firefighter
740,Ninnetta,Woodberry,Ninnetta.Woodberry@somemail.com,Ninnetta.Woodberry@anothermail.com,doctor
741,Priscilla,Torray,Priscilla.Torray@somemail.com,Priscilla.Torray@anothermail.com,developer
742,Hannis,Fancie,Hannis.Fancie@somemail.com,Hannis.Fancie@anothermail.com,developer
743,Annabela,Shaddock,Annabela.Shaddock@somemail.com,Annabela.Shaddock@anothermail.com,firefighter
744,Krystle,Sparhawk,Krystle.Sparhawk@somemail.com,Krystle.Sparhawk@anothermail.com,developer
745,Joeann,Shaver,Joeann.Shaver@somemail.com,Joeann.Shaver@anothermail.com,worker
746,Larine,Thilda,Larine.Thilda@somemail.com,Larine.Thilda@anothermail.com,worker
747,Ericka,Donoghue,Ericka.Donoghue@somemail.com,Ericka.Donoghue@anothermail.com,developer
748,Carilyn,Jacinda,Carilyn.Jacinda@somemail.com,Carilyn.Jacinda@anothermail.com,firefighter
749,Gale,Candy,Gale.Candy@somemail.com,Gale.Candy@anothermail.com,developer
750,Vonny,Clara,Vonny.Clara@somemail.com,Vonny.Clara@anothermail.com,developer
751,Cassandra,Curren,Cassandra.Curren@somemail.com,Cassandra.Curren@anothermail.com,firefighter
752,Kristina,Kosey,Kristina.Kosey@somemail.com,Kristina.Kosey@anothermail.com,police officer
753,Betta,Blisse,Betta.Blisse@somemail.com,Betta.Blisse@anothermail.com,developer
754,Babita,Munn,Babita.Munn@somemail.com,Babita.Munn@anothermail.com,worker
755,Teriann,Ammann,Teriann.Ammann@somemail.com,Teriann.Ammann@anothermail.com,police officer
756,Gerrie,Shields,Gerrie.Shields@somemail.com,Gerrie.Shields@anothermail.com,firefighter
757,Michaelina,Evangelia,Michaelina.Evangelia@somemail.com,Michaelina.Evangelia@anothermail.com,developer
758,Atlanta,Greenwald,Atlanta.Greenwald@somemail.com,Atlanta.Greenwald@anothermail.com,doctor
759,Rosanne,Armanda,Rosanne.Armanda@somemail.com,Rosanne.Armanda@anothermail.com,firefighter
760,Judy,Linehan,Judy.Linehan@somemail.com,Judy.Linehan@anothermail.com,firefighter
761,Lita,Erb,Lita.Erb@somemail.com,Lita.Erb@anothermail.com,firefighter
762,Lilith,Merell,Lilith.Merell@somemail.com,Lilith.Merell@anothermail.com,doctor
763,Lanae,Baptlsta,Lanae.Baptlsta@somemail.com,Lanae.Baptlsta@anothermail.com,worker
764,Hildegaard,Braun,Hildegaard.Braun@somemail.com,Hildegaard.Braun@anothermail.com,worker
765,Elbertina,Phi,Elbertina.Phi@somemail.com,Elbertina.Phi@anothermail.com,worker
766,Suzette,Rosalba,Suzette.Rosalba@somemail.com,Suzette.Rosalba@anothermail.com,doctor
767,Delilah,Maryanne,Delilah.Maryanne@somemail.com,Delilah.Maryanne@anothermail.com,doctor
768,Celene,Prober,Celene.Prober@somemail.com,Celene.Prober@anothermail.com,firefighter
769,Basia,Wu,Basia.Wu@somemail.com,Basia.Wu@anothermail.com,doctor
770,Nerta,Hailee,Nerta.Hailee@somemail.com,Nerta.Hailee@anothermail.com,developer
771,Karena,Mauer,Karena.Mauer@somemail.com,Karena.Mauer@anothermail.com,police officer
772,Ivett,Adamsen,Ivett.Adamsen@somemail.com,Ivett.Adamsen@anothermail.com,worker
773,Gui,Halsey,Gui.Halsey@somemail.com,Gui.Halsey@anothermail.com,firefighter
774,Mariele,Tacye,Mariele.Tacye@somemail.com,Mariele.Tacye@anothermail.com,firefighter
775,Vita,Terrence,Vita.Terrence@somemail.com,Vita.Terrence@anothermail.com,developer
776,Nollie,Parsaye,Nollie.Parsaye@somemail.com,Nollie.Parsaye@anothermail.com,worker
777,Babita,Alarise,Babita.Alarise@somemail.com,Babita.Alarise@anothermail.com,firefighter
778,Monika,Nahum,Monika.Nahum@somemail.com,Monika.Nahum@anothermail.com,developer
779,Lizzie,Diogenes,Lizzie.Diogenes@somemail.com,Lizzie.Diogenes@anothermail.com,police officer
780,Carly,Chaing,Carly.Chaing@somemail.com,Carly.Chaing@anothermail.com,police officer
781,Tersina,Redmond,Tersina.Redmond@somemail.com,Tersina.Redmond@anothermail.com,firefighter
782,Frank,Linskey,Frank.Linskey@somemail.com,Frank.Linskey@anothermail.com,firefighter
783,Doro,Jammal,Doro.Jammal@somemail.com,Doro.Jammal@anothermail.com,doctor
784,Malina,Chrystel,Malina.Chrystel@somemail.com,Malina.Chrystel@anothermail.com,developer
785,Jemie,Presber,Jemie.Presber@somemail.com,Jemie.Presber@anothermail.com,worker
786,Margette,Hanleigh,Margette.Hanleigh@somemail.com,Margette.Hanleigh@anothermail.com,developer
787,Celene,Boehike,Celene.Boehike@somemail.com,Celene.Boehike@anothermail.com,firefighter
788,Latisha,Belanger,Latisha.Belanger@somemail.com,Latisha.Belanger@anothermail.com,doctor
789,Tersina,Bahr,Tersina.Bahr@somemail.com,Tersina.Bahr@anothermail.com,developer
790,Madeleine,Kazimir,Madeleine.Kazimir@somemail.com,Madeleine.Kazimir@anothermail.com,police officer
791,Silvana,Kronfeld,Silvana.Kronfeld@somemail.com,Silvana.Kronfeld@anothermail.com,doctor
792,Basia,Levey,Basia.Levey@somemail.com,Basia.Levey@anothermail.com,worker
793,Fanny,Howlyn,Fanny.Howlyn@somemail.com,Fanny.Howlyn@anothermail.com,police officer
794,Sybille,Prouty,Sybille.Prouty@somemail.com,Sybille.Prouty@anothermail.com,police officer
795,Penelopa,Rustice,Penelopa.Rustice@somemail.com,Penelopa.Rustice@anothermail.com,firefighter
796,Karena,Justinn,Karena.Justinn@somemail.com,Karena.Justinn@anothermail.com,developer
797,Raf,Diann,Raf.Diann@somemail.com,Raf.Diann@anothermail.com,developer
798,Starla,Hubert,Starla.Hubert@somemail.com,Starla.Hubert@anothermail.com,doctor
799,Halette,Phi,Halette.Phi@somemail.com,Halette.Phi@anothermail.com,police officer
800,Sadie,Daniele,Sadie.Daniele@somemail.com,Sadie.Daniele@anothermail.com,police officer
801,Gusty,Cyrie,Gusty.Cyrie@somemail.com,Gusty.Cyrie@anothermail.com,firefighter
802,Deirdre,Marden,Deirdre.Marden@somemail.com,Deirdre.Marden@anothermail.com,developer
803,Gaylene,Ardra,Gaylene.Ardra@somemail.com,Gaylene.Ardra@anothermail.com,police officer
804,Annecorinne,Meter,Annecorinne.Meter@somemail.com,Annecorinne.Meter@anothermail.com,doctor
805,Layla,Rustice,Layla.Rustice@somemail.com,Layla.Rustice@anothermail.com,doctor
806,Brietta,Kiyoshi,Brietta.Kiyoshi@somemail.com,Brietta.Kiyoshi@anothermail.com,worker
807,Barbara,Wu,Barbara.Wu@somemail.com,Barbara.Wu@anothermail.com,worker
808,Ulrike,Skell,Ulrike.Skell@somemail.com,Ulrike.Skell@anothermail.com,firefighter
809,Tori,Ranjiv,Tori.Ranjiv@somemail.com,Tori.Ranjiv@anothermail.com,police officer
810,Elbertina,Lubin,Elbertina.Lubin@somemail.com,Elbertina.Lubin@anothermail.com,developer
811,Jolyn,Salchunas,Jolyn.Salchunas@somemail.com,Jolyn.Salchunas@anothermail.com,police officer
812,Chandra,Milde,Chandra.Milde@somemail.com,Chandra.Milde@anothermail.com,police officer
813,Nyssa,Sawtelle,Nyssa.Sawtelle@somemail.com,Nyssa.Sawtelle@anothermail.com,worker
814,Karena,Katrine,Karena.Katrine@somemail.com,Karena.Katrine@anothermail.com,developer
815,Chandra,Blisse,Chandra.Blisse@somemail.com,Chandra.Blisse@anothermail.com,doctor
816,Dari,Narton,Dari.Narton@somemail.com,Dari.Narton@anothermail.com,worker
817,Beverley,Koehler,Beverley.Koehler@somemail.com,Beverley.Koehler@anothermail.com,police officer
818,Malina,Serilda,Malina.Serilda@somemail.com,Malina.Serilda@anothermail.com,firefighter
819,Consuela,Ortrude,Consuela.Ortrude@somemail.com,Consuela.Ortrude@anothermail.com,developer
820,Orelia,Bartlett,Orelia.Bartlett@somemail.com,Orelia.Bartlett@anothermail.com,developer
821,Di,Wittie,Di.Wittie@somemail.com,Di.Wittie@anothermail.com,firefighter
822,Lita,Fontana,Lita.Fontana@somemail.com,Lita.Fontana@anothermail.com,developer
823,Daryl,Bates,Daryl.Bates@somemail.com,Daryl.Bates@anothermail.com,firefighter
824,Noelle,Rosette,Noelle.Rosette@somemail.com,Noelle.Rosette@anothermail.com,firefighter
825,Sadie,Amasa,Sadie.Amasa@somemail.com,Sadie.Amasa@anothermail.com,firefighter
826,Ingrid,Mandler,Ingrid.Mandler@somemail.com,Ingrid.Mandler@anothermail.com,police officer
827,Rori,Nedrud,Rori.Nedrud@somemail.com,Rori.Nedrud@anothermail.com,developer
828,Nariko,Schalles,Nariko.Schalles@somemail.com,Nariko.Schalles@anothermail.com,doctor
829,Vanessa,Kare,Vanessa.Kare@somemail.com,Vanessa.Kare@anothermail.com,doctor
830,Fred,Selway,Fred.Selway@somemail.com,Fred.Selway@anothermail.com,worker
831,Miquela,Bibi,Miquela.Bibi@somemail.com,Miquela.Bibi@anothermail.com,worker
832,Jordan,Mendez,Jordan.Mendez@somemail.com,Jordan.Mendez@anothermail.com,firefighter
833,Romona,Shaddock,Romona.Shaddock@somemail.com,Romona.Shaddock@anothermail.com,developer
834,Lyssa,Lindemann,Lyssa.Lindemann@somemail.com,Lyssa.Lindemann@anothermail.com,worker
835,Gaylene,Neils,Gaylene.Neils@somemail.com,Gaylene.Neils@anothermail.com,worker
836,Charmaine,Old,Charmaine.Old@somemail.com,Charmaine.Old@anothermail.com,worker
837,Tani,Lattie,Tani.Lattie@somemail.com,Tani.Lattie@anothermail.com,developer
838,Camile,Cutlerr,Camile.Cutlerr@somemail.com,Camile.Cutlerr@anothermail.com,police officer
839,Abbie,Llovera,Abbie.Llovera@somemail.com,Abbie.Llovera@anothermail.com,police officer
840,Ernesta,Phyllis,Ernesta.Phyllis@somemail.com,Ernesta.Phyllis@anothermail.com,firefighter
841,Glenda,Pernick,Glenda.Pernick@somemail.com,Glenda.Pernick@anothermail.com,police officer
842,Claresta,Loeb,Claresta.Loeb@somemail.com,Claresta.Loeb@anothermail.com,developer
843,Asia,Dash,Asia.Dash@somemail.com,Asia.Dash@anothermail.com,firefighter
844,Lynde,Dudley,Lynde.Dudley@somemail.com,Lynde.Dudley@anothermail.com,police officer
845,Minda,Anton,Minda.Anton@somemail.com,Minda.Anton@anothermail.com,doctor
846,Rayna,Jacqui,Rayna.Jacqui@somemail.com,Rayna.Jacqui@anothermail.com,doctor
847,Jenda,Ethban,Jenda.Ethban@somemail.com,Jenda.Ethban@anothermail.com,worker
848,Ana,Hazlett,Ana.Hazlett@somemail.com,Ana.Hazlett@anothermail.com,doctor
849,Lesly,Duwalt,Lesly.Duwalt@somemail.com,Lesly.Duwalt@anothermail.com,police officer
850,Ingrid,Hamil,Ingrid.Hamil@somemail.com,Ingrid.Hamil@anothermail.com,worker
851,Gusty,Alice,Gusty.Alice@somemail.com,Gusty.Alice@anothermail.com,developer
852,Teriann,Bollay,Teriann.Bollay@somemail.com,Teriann.Bollay@anothermail.com,police officer
853,Queenie,Raama,Queenie.Raama@somemail.com,Queenie.Raama@anothermail.com,firefighter
854,Loree,Tacye,Loree.Tacye@somemail.com,Loree.Tacye@anothermail.com,worker
855,Ricky,Justinn,Ricky.Justinn@somemail.com,Ricky.Justinn@anothermail.com,police officer
856,Tami,Konyn,Tami.Konyn@somemail.com,Tami.Konyn@anothermail.com,developer
857,Misha,Belldas,Misha.Belldas@somemail.com,Misha.Belldas@anothermail.com,police officer
858,Gloria,Lissi,Gloria.Lissi@somemail.com,Gloria.Lissi@anothermail.com,police officer
859,Bernie,Hunfredo,Bernie.Hunfredo@somemail.com,Bernie.Hunfredo@anothermail.com,worker
860,Sophia,Hylan,Sophia.Hylan@somemail.com,Sophia.Hylan@anothermail.com,firefighter
861,Raina,Parette,Raina.Parette@somemail.com,Raina.Parette@anothermail.com,doctor
862,Marita,Blisse,Marita.Blisse@somemail.com,Marita.Blisse@anothermail.com,doctor
863,Stevana,Sibyls,Stevana.Sibyls@somemail.com,Stevana.Sibyls@anothermail.com,firefighter
864,Nollie,Willie,Nollie.Willie@somemail.com,Nollie.Willie@anothermail.com,doctor
865,Andeee,Celestine,Andeee.Celestine@somemail.com,Andeee.Celestine@anothermail.com,firefighter
866,Aurelie,Lea,Aurelie.Lea@somemail.com,Aurelie.Lea@anothermail.com,firefighter
867,Marleah,Eno,Marleah.Eno@somemail.com,Marleah.Eno@anothermail.com,police officer
868,Max,Horan,Max.Horan@somemail.com,Max.Horan@anothermail.com,worker
869,Sheelagh,Gahl,Sheelagh.Gahl@somemail.com,Sheelagh.Gahl@anothermail.com,firefighter
870,Allis,Hourigan,Allis.Hourigan@somemail.com,Allis.Hourigan@anothermail.com,firefighter
871,Ardeen,Mendez,Ardeen.Mendez@somemail.com,Ardeen.Mendez@anothermail.com,developer
872,Netty,Kinnard,Netty.Kinnard@somemail.com,Netty.Kinnard@anothermail.com,doctor
873,Libbie,Hailee,Libbie.Hailee@somemail.com,Libbie.Hailee@anothermail.com,police officer
874,Heida,Lia,Heida.Lia@somemail.com,Heida.Lia@anothermail.com,developer
875,Tobe,Naashom,Tobe.Naashom@somemail.com,Tobe.Naashom@anothermail.com,doctor
876,Lenna,Oneida,Lenna.Oneida@somemail.com,Lenna.Oneida@anothermail.com,worker
877,Amelia,Reinke,Amelia.Reinke@somemail.com,Amelia.Reinke@anothermail.com,worker
878,Yetty,Bivins,Yetty.Bivins@somemail.com,Yetty.Bivins@anothermail.com,police officer
879,Melodie,Madox,Melodie.Madox@somemail.com,Melodie.Madox@anothermail.com,worker
880,Regina,Erlandson,Regina.Erlandson@somemail.com,Regina.Erlandson@anothermail.com,developer
881,Stevana,Jalbert,Stevana.Jalbert@somemail.com,Stevana.Jalbert@anothermail.com,worker
882,Marti,Bryna,Marti.Bryna@somemail.com,Marti.Bryna@anothermail.com,developer
883,Modestia,Bashemeth,Modestia.Bashemeth@somemail.com,Modestia.Bashemeth@anothermail.com,doctor
884,Kirbee,Euridice,Kirbee.Euridice@somemail.com,Kirbee.Euridice@anothermail.com,developer
885,Zondra,Newell,Zondra.Newell@somemail.com,Zondra.Newell@anothermail.com,doctor
886,Ardenia,Kelula,Ardenia.Kelula@somemail.com,Ardenia.Kelula@anothermail.com,developer
887,Ninnetta,Bergman,Ninnetta.Bergman@somemail.com,Ninnetta.Bergman@anothermail.com,developer
888,Claudina,Desai,Claudina.Desai@somemail.com,Claudina.Desai@anothermail.com,doctor
889,Janeczka,Sasnett,Janeczka.Sasnett@somemail.com,Janeczka.Sasnett@anothermail.com,worker
890,Clo,Wilkinson,Clo.Wilkinson@somemail.com,Clo.Wilkinson@anothermail.com,developer
891,Olivette,Allys,Olivette.Allys@somemail.com,Olivette.Allys@anothermail.com,developer
892,Harrietta,Means,Harrietta.Means@somemail.com,Harrietta.Means@anothermail.com,developer
893,Benita,Susannah,Benita.Susannah@somemail.com,Benita.Susannah@anothermail.com,firefighter
894,Ariela,Vanni,Ariela.Vanni@somemail.com,Ariela.Vanni@anothermail.com,worker
895,Sibella,Fadiman,Sibella.Fadiman@somemail.com,Sibella.Fadiman@anothermail.com,worker
896,Shaine,Konyn,Shaine.Konyn@somemail.com,Shaine.Konyn@anothermail.com,doctor
897,Loree,Gilbertson,Loree.Gilbertson@somemail.com,Loree.Gilbertson@anothermail.com,firefighter
898,Penelopa,Marsden,Penelopa.Marsden@somemail.com,Penelopa.Marsden@anothermail.com,developer
899,Nickie,Dyche,Nickie.Dyche@somemail.com,Nickie.Dyche@anothermail.com,firefighter
900,Karena,Alarise,Karena.Alarise@somemail.com,Karena.Alarise@anothermail.com,police officer
901,Elmira,Halla,Elmira.Halla@somemail.com,Elmira.Halla@anothermail.com,worker
902,Ulrike,Morgun,Ulrike.Morgun@somemail.com,Ulrike.Morgun@anothermail.com,worker
903,Zondra,Sabella,Zondra.Sabella@somemail.com,Zondra.Sabella@anothermail.com,worker
904,Aurelie,Colp,Aurelie.Colp@somemail.com,Aurelie.Colp@anothermail.com,firefighter
905,Kerrin,Koziara,Kerrin.Koziara@somemail.com,Kerrin.Koziara@anothermail.com,worker
906,Adriana,Engdahl,Adriana.Engdahl@somemail.com,Adriana.Engdahl@anothermail.com,developer
907,Hallie,Gherardo,Hallie.Gherardo@somemail.com,Hallie.Gherardo@anothermail.com,worker
908,Clarice,Giff,Clarice.Giff@somemail.com,Clarice.Giff@anothermail.com,developer
909,Pearline,Burkle,Pearline.Burkle@somemail.com,Pearline.Burkle@anothermail.com,police officer
910,Kathy,Ezar,Kathy.Ezar@somemail.com,Kathy.Ezar@anothermail.com,developer
911,Meghann,Merell,Meghann.Merell@somemail.com,Meghann.Merell@anothermail.com,worker
912,Gianina,Colyer,Gianina.Colyer@somemail.com,Gianina.Colyer@anothermail.com,doctor
913,Leontine,Cookie,Leontine.Cookie@somemail.com,Leontine.Cookie@anothermail.com,doctor
914,Corene,Hollingsworth,Corene.Hollingsworth@somemail.com,Corene.Hollingsworth@anothermail.com,police officer
915,Sherrie,Cookie,Sherrie.Cookie@somemail.com,Sherrie.Cookie@anothermail.com,doctor
916,Tressa,Haerr,Tressa.Haerr@somemail.com,Tressa.Haerr@anothermail.com,worker
917,Merle,Plato,Merle.Plato@somemail.com,Merle.Plato@anothermail.com,doctor
918,Rosanne,Nerita,Rosanne.Nerita@somemail.com,Rosanne.Nerita@anothermail.com,police officer
919,Dominga,Florina,Dominga.Florina@somemail.com,Dominga.Florina@anothermail.com,worker
920,Maridel,Lareena,Maridel.Lareena@somemail.com,Maridel.Lareena@anothermail.com,firefighter
921,Justinn,Klemperer,Justinn.Klemperer@somemail.com,Justinn.Klemperer@anothermail.com,doctor
922,Sandie,Hillel,Sandie.Hillel@somemail.com,Sandie.Hillel@anothermail.com,police officer
923,Dianemarie,Oriana,Dianemarie.Oriana@somemail.com,Dianemarie.Oriana@anothermail.com,firefighter
924,Kaia,Garrison,Kaia.Garrison@somemail.com,Kaia.Garrison@anothermail.com,worker
925,Damaris,Suanne,Damaris.Suanne@somemail.com,Damaris.Suanne@anothermail.com,worker
926,Sharai,Soneson,Sharai.Soneson@somemail.com,Sharai.Soneson@anothermail.com,developer
927,Dorene,Ferrell,Dorene.Ferrell@somemail.com,Dorene.Ferrell@anothermail.com,police officer
928,Lanae,Azeria,Lanae.Azeria@somemail.com,Lanae.Azeria@anothermail.com,firefighter
929,Dania,Bigner,Dania.Bigner@somemail.com,Dania.Bigner@anothermail.com,doctor
930,Shirlee,Ioab,Shirlee.Ioab@somemail.com,Shirlee.Ioab@anothermail.com,developer
931,Oralee,Quinn,Oralee.Quinn@somemail.com,Oralee.Quinn@anothermail.com,worker
932,Chloris,Cloris,Chloris.Cloris@somemail.com,Chloris.Cloris@anothermail.com,firefighter
933,Berta,Odell,Berta.Odell@somemail.com,Berta.Odell@anothermail.com,doctor
934,Janeczka,Weide,Janeczka.Weide@somemail.com,Janeczka.Weide@anothermail.com,firefighter
935,Goldie,Goddard,Goldie.Goddard@somemail.com,Goldie.Goddard@anothermail.com,doctor
936,Clary,Corabella,Clary.Corabella@somemail.com,Clary.Corabella@anothermail.com,police officer
937,Nananne,Roumell,Nananne.Roumell@somemail.com,Nananne.Roumell@anothermail.com,police officer
938,Jillayne,Remmer,Jillayne.Remmer@somemail.com,Jillayne.Remmer@anothermail.com,developer
939,Briney,Halsey,Briney.Halsey@somemail.com,Briney.Halsey@anothermail.com,developer
940,Selia,Philipp,Selia.Philipp@somemail.com,Selia.Philipp@anothermail.com,firefighter
941,Nollie,Noelyn,Nollie.Noelyn@somemail.com,Nollie.Noelyn@anothermail.com,firefighter
942,Marcelline,Eugenia,Marcelline.Eugenia@somemail.com,Marcelline.Eugenia@anothermail.com,worker
943,Kristan,Garlinda,Kristan.Garlinda@somemail.com,Kristan.Garlinda@anothermail.com,developer
944,Jasmina,McNully,Jasmina.McNully@somemail.com,Jasmina.McNully@anothermail.com,police officer
945,Maisey,Aurelio,Maisey.Aurelio@somemail.com,Maisey.Aurelio@anothermail.com,developer
946,Laurene,Yorick,Laurene.Yorick@somemail.com,Laurene.Yorick@anothermail.com,police officer
947,Rebeca,Kaja,Rebeca.Kaja@somemail.com,Rebeca.Kaja@anothermail.com,worker
948,Sidoney,Erb,Sidoney.Erb@somemail.com,Sidoney.Erb@anothermail.com,police officer
949,Aimil,Arvo,Aimil.Arvo@somemail.com,Aimil.Arvo@anothermail.com,developer
950,Meghann,Baudin,Meghann.Baudin@somemail.com,Meghann.Baudin@anothermail.com,doctor
951,Lucille,Milson,Lucille.Milson@somemail.com,Lucille.Milson@anothermail.com,firefighter
952,Michaelina,Gaspard,Michaelina.Gaspard@somemail.com,Michaelina.Gaspard@anothermail.com,firefighter
953,Merry,Buffum,Merry.Buffum@somemail.com,Merry.Buffum@anothermail.com,worker
954,Kalina,Haerr,Kalina.Haerr@somemail.com,Kalina.Haerr@anothermail.com,doctor
955,Jasmina,Giff,Jasmina.Giff@somemail.com,Jasmina.Giff@anothermail.com,firefighter
956,Ayn,Mitzi,Ayn.Mitzi@somemail.com,Ayn.Mitzi@anothermail.com,police officer
957,Ottilie,Pascia,Ottilie.Pascia@somemail.com,Ottilie.Pascia@anothermail.com,developer
958,Amara,Phaidra,Amara.Phaidra@somemail.com,Amara.Phaidra@anothermail.com,doctor
959,Jennica,Presber,Jennica.Presber@somemail.com,Jennica.Presber@anothermail.com,police officer
960,Addia,Evvie,Addia.Evvie@somemail.com,Addia.Evvie@anothermail.com,worker
961,Wynne,Isacco,Wynne.Isacco@somemail.com,Wynne.Isacco@anothermail.com,worker
962,Bee,Dulciana,Bee.Dulciana@somemail.com,Bee.Dulciana@anothermail.com,doctor
963,Vevay,Tiffa,Vevay.Tiffa@somemail.com,Vevay.Tiffa@anothermail.com,developer
964,Mellicent,Vastah,Mellicent.Vastah@somemail.com,Mellicent.Vastah@anothermail.com,worker
965,Letizia,Germann,Letizia.Germann@somemail.com,Letizia.Germann@anothermail.com,worker
966,Kimberley,Grimbly,Kimberley.Grimbly@somemail.com,Kimberley.Grimbly@anothermail.com,firefighter
967,Sibella,Sadowski,Sibella.Sadowski@somemail.com,Sibella.Sadowski@anothermail.com,police officer
968,Lusa,Rustice,Lusa.Rustice@somemail.com,Lusa.Rustice@anothermail.com,worker
969,Carly,Malina,Carly.Malina@somemail.com,Carly.Malina@anothermail.com,firefighter
970,Adriana,Lattie,Adriana.Lattie@somemail.com,Adriana.Lattie@anothermail.com,doctor
971,Mariele,Quinn,Mariele.Quinn@somemail.com,Mariele.Quinn@anothermail.com,police officer
972,Feliza,Hebner,Feliza.Hebner@somemail.com,Feliza.Hebner@anothermail.com,doctor
973,Steffane,Gaulin,Steffane.Gaulin@somemail.com,Steffane.Gaulin@anothermail.com,doctor
974,Jorry,Judye,Jorry.Judye@somemail.com,Jorry.Judye@anothermail.com,doctor
975,Isa,Brandice,Isa.Brandice@somemail.com,Isa.Brandice@anothermail.com,firefighter
976,Georgetta,Jarib,Georgetta.Jarib@somemail.com,Georgetta.Jarib@anothermail.com,doctor
977,Kassey,Septima,Kassey.Septima@somemail.com,Kassey.Septima@anothermail.com,police officer
978,Iseabal,Flyn,Iseabal.Flyn@somemail.com,Iseabal.Flyn@anothermail.com,police officer
979,Sonni,Kiyoshi,Sonni.Kiyoshi@somemail.com,Sonni.Kiyoshi@anothermail.com,developer
980,Feliza,Tybald,Feliza.Tybald@somemail.com,Feliza.Tybald@anothermail.com,worker
981,Fayre,Hirsch,Fayre.Hirsch@somemail.com,Fayre.Hirsch@anothermail.com,developer
982,Gavrielle,Ochs,Gavrielle.Ochs@somemail.com,Gavrielle.Ochs@anothermail.com,firefighter
983,Consuela,Cullin,Consuela.Cullin@somemail.com,Consuela.Cullin@anothermail.com,police officer
984,Beth,Tamar,Beth.Tamar@somemail.com,Beth.Tamar@anothermail.com,developer
985,Celestyna,Dermott,Celestyna.Dermott@somemail.com,Celestyna.Dermott@anothermail.com,police officer
986,Edee,Fairweather,Edee.Fairweather@somemail.com,Edee.Fairweather@anothermail.com,firefighter
987,Amara,Audly,Amara.Audly@somemail.com,Amara.Audly@anothermail.com,worker
988,Aimil,Brunell,Aimil.Brunell@somemail.com,Aimil.Brunell@anothermail.com,developer
989,Tonia,Sawtelle,Tonia.Sawtelle@somemail.com,Tonia.Sawtelle@anothermail.com,worker
990,Roseline,Corilla,Roseline.Corilla@somemail.com,Roseline.Corilla@anothermail.com,doctor
991,Tori,Alarise,Tori.Alarise@somemail.com,Tori.Alarise@anothermail.com,police officer
992,Meg,Taam,Meg.Taam@somemail.com,Meg.Taam@anothermail.com,worker
993,Harrietta,Primalia,Harrietta.Primalia@somemail.com,Harrietta.Primalia@anothermail.com,worker
994,Sherrie,Justinn,Sherrie.Justinn@somemail.com,Sherrie.Justinn@anothermail.com,developer
995,Shannah,Raseda,Shannah.Raseda@somemail.com,Shannah.Raseda@anothermail.com,developer
996,Cassondra,Lipson,Cassondra.Lipson@somemail.com,Cassondra.Lipson@anothermail.com,doctor
997,Asia,Hazlett,Asia.Hazlett@somemail.com,Asia.Hazlett@anothermail.com,worker
998,Tersina,Sundin,Tersina.Sundin@somemail.com,Tersina.Sundin@anothermail.com,police officer
999,Johna,Creamer,Johna.Creamer@somemail.com,Johna.Creamer@anothermail.com,worker
1000,Darci,Erlandson,Darci.Erlandson@somemail.com,Darci.Erlandson@anothermail.com,worker
1001,Karina,Vernier,Karina.Vernier@somemail.com,Karina.Vernier@anothermail.com,doctor
1002,Caritta,Alarise,Caritta.Alarise@somemail.com,Caritta.Alarise@anothermail.com,developer
1003,Emilia,Gladstone,Emilia.Gladstone@somemail.com,Emilia.Gladstone@anothermail.com,worker
1004,Candy,Fennessy,Candy.Fennessy@somemail.com,Candy.Fennessy@anothermail.com,police officer
1005,Di,Merell,Di.Merell@somemail.com,Di.Merell@anothermail.com,worker
1006,Nerta,Arquit,Nerta.Arquit@somemail.com,Nerta.Arquit@anothermail.com,developer
1007,Jenilee,Mott,Jenilee.Mott@somemail.com,Jenilee.Mott@anothermail.com,doctor
1008,Corene,Blake,Corene.Blake@somemail.com,Corene.Blake@anothermail.com,police officer
1009,Silvana,Pacorro,Silvana.Pacorro@somemail.com,Silvana.Pacorro@anothermail.com,worker
1010,Robinia,Gombach,Robinia.Gombach@somemail.com,Robinia.Gombach@anothermail.com,doctor
1011,Cristabel,Amasa,Cristabel.Amasa@somemail.com,Cristabel.Amasa@anothermail.com,firefighter
1012,Jacenta,Torray,Jacenta.Torray@somemail.com,Jacenta.Torray@anothermail.com,worker
1013,Michaelina,Cullin,Michaelina.Cullin@somemail.com,Michaelina.Cullin@anothermail.com,doctor
1014,Belinda,Elo,Belinda.Elo@somemail.com,Belinda.Elo@anothermail.com,firefighter
1015,Alisha,Tengdin,Alisha.Tengdin@somemail.com,Alisha.Tengdin@anothermail.com,police officer
1016,Caressa,Tayib,Caressa.Tayib@somemail.com,Caressa.Tayib@anothermail.com,police officer
1017,Bernardine,Engdahl,Bernardine.Engdahl@somemail.com,Bernardine.Engdahl@anothermail.com,worker
1018,Ezmeralda,Radu,Ezmeralda.Radu@somemail.com,Ezmeralda.Radu@anothermail.com,worker
1019,Annora,Infield,Annora.Infield@somemail.com,Annora.Infield@anothermail.com,developer
1020,Heddie,Tatianas,Heddie.Tatianas@somemail.com,Heddie.Tatianas@anothermail.com,firefighter
1021,Talya,Sholley,Talya.Sholley@somemail.com,Talya.Sholley@anothermail.com,police officer
1022,Margette,Wittie,Margette.Wittie@somemail.com,Margette.Wittie@anothermail.com,worker
1023,Dennie,Lewes,Dennie.Lewes@somemail.com,Dennie.Lewes@anothermail.com,police officer
1024,Brynna,Hepsibah,Brynna.Hepsibah@somemail.com,Brynna.Hepsibah@anothermail.com,developer
1025,Lorenza,Hathaway,Lorenza.Hathaway@somemail.com,Lorenza.Hathaway@anothermail.com,firefighter
1026,Quintina,Linehan,Quintina.Linehan@somemail.com,Quintina.Linehan@anothermail.com,firefighter
1027,Emma,Ulphia,Emma.Ulphia@somemail.com,Emma.Ulphia@anothermail.com,doctor
1028,Max,Vacuva,Max.Vacuva@somemail.com,Max.Vacuva@anothermail.com,worker
1029,Kayla,Munn,Kayla.Munn@somemail.com,Kayla.Munn@anothermail.com,developer
1030,Charlena,Lemuela,Charlena.Lemuela@somemail.com,Charlena.Lemuela@anothermail.com,worker
1031,Raquela,Kolnick,Raquela.Kolnick@somemail.com,Raquela.Kolnick@anothermail.com,police officer
1032,Nanete,Shirberg,Nanete.Shirberg@somemail.com,Nanete.Shirberg@anothermail.com,developer
1033,Calla,Baptlsta,Calla.Baptlsta@somemail.com,Calla.Baptlsta@anothermail.com,worker
1034,Alleen,Gombach,Alleen.Gombach@somemail.com,Alleen.Gombach@anothermail.com,developer
1035,Wendi,Afton,Wendi.Afton@somemail.com,Wendi.Afton@anothermail.com,firefighter
1036,Shell,Ellord,Shell.Ellord@somemail.com,Shell.Ellord@anothermail.com,worker
1037,Pollyanna,Rillings,Pollyanna.Rillings@somemail.com,Pollyanna.Rillings@anothermail.com,developer
1038,Edith,Viddah,Edith.Viddah@somemail.com,Edith.Viddah@anothermail.com,firefighter
1039,Dione,Gherardo,Dione.Gherardo@somemail.com,Dione.Gherardo@anothermail.com,police officer
1040,Norine,Aprile,Norine.Aprile@somemail.com,Norine.Aprile@anothermail.com,developer
1041,Luci,Hilbert,Luci.Hilbert@somemail.com,Luci.Hilbert@anothermail.com,firefighter
1042,Cecile,Frodi,Cecile.Frodi@somemail.com,Cecile.Frodi@anothermail.com,developer
1043,Aaren,Laverne,Aaren.Laverne@somemail.com,Aaren.Laverne@anothermail.com,police officer
1044,Ardenia,Presber,Ardenia.Presber@somemail.com,Ardenia.Presber@anothermail.com,worker
1045,Renie,Jorgan,Renie.Jorgan@somemail.com,Renie.Jorgan@anothermail.com,firefighter
1046,Carmela,Lubin,Carmela.Lubin@somemail.com,Carmela.Lubin@anothermail.com,firefighter
1047,Merle,Tristram,Merle.Tristram@somemail.com,Merle.Tristram@anothermail.com,doctor
1048,Janis,Hirsch,Janis.Hirsch@somemail.com,Janis.Hirsch@anothermail.com,police officer
1049,Estell,Atonsah,Estell.Atonsah@somemail.com,Estell.Atonsah@anothermail.com,developer
1050,Kayla,Faria,Kayla.Faria@somemail.com,Kayla.Faria@anothermail.com,police officer
1051,Lauryn,Barrus,Lauryn.Barrus@somemail.com,Lauryn.Barrus@anothermail.com,firefighter
1052,Miquela,Whiffen,Miquela.Whiffen@somemail.com,Miquela.Whiffen@anothermail.com,developer
1053,Amii,Colyer,Amii.Colyer@somemail.com,Amii.Colyer@anothermail.com,developer
1054,Malina,Malvino,Malina.Malvino@somemail.com,Malina.Malvino@anothermail.com,doctor
1055,Zia,Glovsky,Zia.Glovsky@somemail.com,Zia.Glovsky@anothermail.com,firefighter
1056,Fred,Abernon,Fred.Abernon@somemail.com,Fred.Abernon@anothermail.com,developer
1057,Aigneis,Nikaniki,Aigneis.Nikaniki@somemail.com,Aigneis.Nikaniki@anothermail.com,developer
1058,Benita,Mata,Benita.Mata@somemail.com,Benita.Mata@anothermail.com,doctor
1059,Clo,Anastatius,Clo.Anastatius@somemail.com,Clo.Anastatius@anothermail.com,police officer
1060,Nananne,Monk,Nananne.Monk@somemail.com,Nananne.Monk@anothermail.com,developer
1061,Laurene,Fennessy,Laurene.Fennessy@somemail.com,Laurene.Fennessy@anothermail.com,developer
1062,Correy,Kaja,Correy.Kaja@somemail.com,Correy.Kaja@anothermail.com,police officer
1063,Valli,Pandolfi,Valli.Pandolfi@somemail.com,Valli.Pandolfi@anothermail.com,developer
1064,Blinni,Liebermann,Blinni.Liebermann@somemail.com,Blinni.Liebermann@anothermail.com,police officer
1065,Dari,Teryn,Dari.Teryn@somemail.com,Dari.Teryn@anothermail.com,worker
1066,Lilith,Arley,Lilith.Arley@somemail.com,Lilith.Arley@anothermail.com,doctor
1067,Lisette,Franza,Lisette.Franza@somemail.com,Lisette.Franza@anothermail.com,worker
1068,Tierney,Katrine,Tierney.Katrine@somemail.com,Tierney.Katrine@anothermail.com,firefighter
1069,Jacquetta,Krystle,Jacquetta.Krystle@somemail.com,Jacquetta.Krystle@anothermail.com,police officer
1070,Nariko,Philoo,Nariko.Philoo@somemail.com,Nariko.Philoo@anothermail.com,doctor
1071,Jordan,Peg,Jordan.Peg@somemail.com,Jordan.Peg@anothermail.com,worker
1072,Gloria,Payson,Gloria.Payson@somemail.com,Gloria.Payson@anothermail.com,doctor
1073,Aili,Dielu,Aili.Dielu@somemail.com,Aili.Dielu@anothermail.com,firefighter
1074,Gianina,Giule,Gianina.Giule@somemail.com,Gianina.Giule@anothermail.com,developer
1075,Krystle,Yoko,Krystle.Yoko@somemail.com,Krystle.Yoko@anothermail.com,doctor
1076,Devina,Lubin,Devina.Lubin@somemail.com,Devina.Lubin@anothermail.com,worker
1077,Ginnie,Durante,Ginnie.Durante@somemail.com,Ginnie.Durante@anothermail.com,worker
1078,Lisette,Jehu,Lisette.Jehu@somemail.com,Lisette.Jehu@anothermail.com,firefighter
1079,Maridel,Secrest,Maridel.Secrest@somemail.com,Maridel.Secrest@anothermail.com,developer
1080,Emelina,Dominy,Emelina.Dominy@somemail.com,Emelina.Dominy@anothermail.com,police officer
1081,Elbertina,Kaja,Elbertina.Kaja@somemail.com,Elbertina.Kaja@anothermail.com,worker
1082,Cristine,Even,Cristine.Even@somemail.com,Cristine.Even@anothermail.com,police officer
1083,Daune,Halla,Daune.Halla@somemail.com,Daune.Halla@anothermail.com,firefighter
1084,Andeee,Candy,Andeee.Candy@somemail.com,Andeee.Candy@anothermail.com,police officer
1085,Fernande,Chinua,Fernande.Chinua@somemail.com,Fernande.Chinua@anothermail.com,worker
1086,Ann-Marie,Jacinda,Ann-Marie.Jacinda@somemail.com,Ann-Marie.Jacinda@anothermail.com,developer
1087,Kial,Publia,Kial.Publia@somemail.com,Kial.Publia@anothermail.com,doctor
1088,Ericka,Bobbee,Ericka.Bobbee@somemail.com,Ericka.Bobbee@anothermail.com,police officer
1089,Vanessa,Goth,Vanessa.Goth@somemail.com,Vanessa.Goth@anothermail.com,firefighter
1090,Katharina,Laverne,Katharina.Laverne@somemail.com,Katharina.Laverne@anothermail.com,doctor
1091,Ottilie,Wareing,Ottilie.Wareing@somemail.com,Ottilie.Wareing@anothermail.com,worker
1092,Briney,Belanger,Briney.Belanger@somemail.com,Briney.Belanger@anothermail.com,worker
1093,Yolane,Deny,Yolane.Deny@somemail.com,Yolane.Deny@anothermail.com,developer
1094,Tami,Stelle,Tami.Stelle@somemail.com,Tami.Stelle@anothermail.com,doctor
1095,Celene,Germann,Celene.Germann@somemail.com,Celene.Germann@anothermail.com,worker
1096,Chastity,Matthew,Chastity.Matthew@somemail.com,Chastity.Matthew@anothermail.com,doctor
1097,Jany,Huggins,Jany.Huggins@somemail.com,Jany.Huggins@anothermail.com,firefighter
1098,Helena,Pacorro,Helena.Pacorro@somemail.com,Helena.Pacorro@anothermail.com,firefighter
1099,Wynne,Leary,Wynne.Leary@somemail.com,Wynne.Leary@anothermail.com,police officer