id,firstname,lastname,email,email2,profession
10000,Kylynn,Abbot,Kylynn.Abbot@somemail.com,Kylynn.Abbot@anothermail.com,developer
10001,Danny,Engdahl,Danny.Engdahl@somemail.com,Danny.Engdahl@anothermail.com,worker
10002,Sean,Oriana,Sean.Oriana@somemail.com,Sean.Oriana@anothermail.com,developer
10003,Livvyy,Poppy,Livvyy.Poppy@somemail.com,Livvyy.Poppy@anothermail.com,worker
10004,Britte,Hermes,Britte.Hermes@somemail.com,Britte.Hermes@anothermail.com,doctor
10005,Eve,Ax,Eve.Ax@somemail.com,Eve.Ax@anothermail.com,police officer
10006,Cristine,Niles,Cristine.Niles@somemail.com,Cristine.Niles@anothermail.com,firefighter
10007,Alex,Leonard,Alex.Leonard@somemail.com,Alex.Leonard@anothermail.com,developer
10008,Orsola,Thad,Orsola.Thad@somemail.com,Orsola.Thad@anothermail.com,developer
10009,Karolina,Argus,Karolina.Argus@somemail.com,Karolina.Argus@anothermail.com,police officer
10010,Dorice,Seessel,Dorice.Seessel@somemail.com,Dorice.Seessel@anothermail.com,worker
10011,Jacenta,Allare,Jacenta.Allare@somemail.com,Jacenta.Allare@anothermail.com,developer
10012,Celestyna,Reidar,Celestyna.Reidar@somemail.com,Celestyna.Reidar@anothermail.com,worker
10013,Letizia,Scammon,Letizia.Scammon@somemail.com,Letizia.Scammon@anothermail.com,police officer
10014,Teddie,Publia,Teddie.Publia@somemail.com,Teddie.Publia@anothermail.com,firefighter
10015,Eadie,Hermes,Eadie.Hermes@somemail.com,Eadie.Hermes@anothermail.com,firefighter
10016,Hannis,Goddard,Hannis.Goddard@somemail.com,Hannis.Goddard@anothermail.com,doctor
10017,Dulce,Vary,Dulce.Vary@somemail.com,Dulce.Vary@anothermail.com,worker
10018,Cassandra,Cadmar,Cassandra.Cadmar@somemail.com,Cassandra.Cadmar@anothermail.com,firefighter
10019,Nessie,Havens,Nessie.Havens@somemail.com,Nessie.Havens@anothermail.com,police officer
10020,Candy,Love,Candy.Love@somemail.com,Candy.Love@anothermail.com,developer
10021,Raina,Freddi,Raina.Freddi@somemail.com,Raina.Freddi@anothermail.com,police officer
10022,Kenna,Lubin,Kenna.Lubin@somemail.com,Kenna.Lubin@anothermail.com,police officer
10023,Stacey,Poll,Stacey.Poll@somemail.com,Stacey.Poll@anothermail.com,developer
10024,Cristabel,Barrus,Cristabel.Barrus@somemail.com,Cristabel.Barrus@anothermail.com,police officer
10025,Almeta,Lutero,Almeta.Lutero@somemail.com,Almeta.Lutero@anothermail.com,developer
10026,Barbi,Prouty,Barbi.Prouty@somemail.com,Barbi.Prouty@anothermail.com,firefighter
10027,Averyl,Alisia,Averyl.Alisia@somemail.com,Averyl.Alisia@anothermail.com,doctor
10028,Vevay,Regan,Vevay.Regan@somemail.com,Vevay.Regan@anothermail.com,police officer
10029,Aurelie,Toffic,Aurelie.Toffic@somemail.com,Aurelie.Toffic@anothermail.com,doctor
10030,Jean,Halsey,Jean.Halsey@somemail.com,Jean.Halsey@anothermail.com,firefighter
10031,Benita,Trace,Benita.Trace@somemail.com,Benita.Trace@anothermail.com,developer
10032,Frank,Zrike,Frank.Zrike@somemail.com,Frank.Zrike@anothermail.com,police officer
10033,Helsa,Berriman,Helsa.Berriman@somemail.com,Helsa.Berriman@anothermail.com,doctor
10034,Jemie,Lareena,Jemie.Lareena@somemail.com,Jemie.Lareena@anothermail.com,firefighter
10035,Tomasina,Gabrielli,Tomasina.Gabrielli@somemail.com,Tomasina.Gabrielli@anothermail.com,developer
10036,Louella,Rosemary,Louella.Rosemary@somemail.com,Louella.Rosemary@anothermail.com,police officer
10037,Carly,Dannye,Carly.Dannye@somemail.com,Carly.Dannye@anothermail.com,firefighter
10038,Justinn,Sallyann,Justinn.Sallyann@somemail.com,Justinn.Sallyann@anothermail.com,developer
10039,Tonia,Cynar,Tonia.Cynar@somemail.com,Tonia.Cynar@anothermail.com,developer
10040,Fayre,Rodmann,Fayre.Rodmann@somemail.com,Fayre.Rodmann@anothermail.com,police officer
10041,Kristan,Magdalen,Kristan.Magdalen@somemail.com,Kristan.Magdalen@anothermail.com,developer
10042,Starla,Naor,Starla.Naor@somemail.com,Starla.Naor@anothermail.com,doctor
10043,Fina,Whittaker,Fina.Whittaker@somemail.com,Fina.Whittaker@anothermail.com,worker
10044,Brena,Trace,Brena.Trace@somemail.com,Brena.Trace@anothermail.com,developer
10045,Vivia,Levey,Vivia.Levey@somemail.com,Vivia.Levey@anothermail.com,developer
10046,Jacquetta,Goth,Jacquetta.Goth@somemail.com,Jacquetta.Goth@anothermail.com,doctor
10047,Darci,Even,Darci.Even@somemail.com,Darci.Even@anothermail.com,developer
10048,Margalo,Kermit,Margalo.Kermit@somemail.com,Margalo.Kermit@anothermail.com,developer
10049,Annora,Brady,Annora.Brady@somemail.com,Annora.Brady@anothermail.com,doctor
10050,Dari,Wooster,Dari.Wooster@somemail.com,Dari.Wooster@anothermail.com,doctor
10051,Averyl,Cherianne,Averyl.Cherianne@somemail.com,Averyl.Cherianne@anothermail.com,police officer
10052,Lolita,Byrne,Lolita.Byrne@somemail.com,Lolita.Byrne@anothermail.com,doctor
10053,Courtnay,Bertold,Courtnay.Bertold@somemail.com,Courtnay.Bertold@anothermail.com,firefighter
10054,Charissa,Phi,Charissa.Phi@somemail.com,Charissa.Phi@anothermail.com,doctor
10055,Brooks,Vernier,Brooks.Vernier@somemail.com,Brooks.Vernier@anothermail.com,firefighter
10056,Clarice,Marsden,Clarice.Marsden@somemail.com,Clarice.Marsden@anothermail.com,doctor
10057,Merrie,Hourigan,Merrie.Hourigan@somemail.com,Merrie.Hourigan@anothermail.com,police officer
10058,Willetta,Tannie,Willetta.Tannie@somemail.com,Willetta.Tannie@anothermail.com,police officer
10059,Janey,Phyllis,Janey.Phyllis@somemail.com,Janey.Phyllis@anothermail.com,firefighter
10060,Rosaline,Afton,Rosaline.Afton@somemail.com,Rosaline.Afton@anothermail.com,police officer
10061,Riannon,Fennessy,Riannon.Fennessy@somemail.com,Riannon.Fennessy@anothermail.com,firefighter
10062,Kary,Alabaster,Kary.Alabaster@somemail.com,Kary.Alabaster@anothermail.com,firefighter
10063,Kaja,Martguerita,Kaja.Martguerita@somemail.com,Kaja.Martguerita@anothermail.com,developer
10064,Tarra,Uird,Tarra.Uird@somemail.com,Tarra.Uird@anothermail.com,firefighter
10065,Kristan,Dannye,Kristan.Dannye@somemail.com,Kristan.Dannye@anothermail.com,firefighter
10066,Lucille,Brotherson,Lucille.Brotherson@somemail.com,Lucille.Brotherson@anothermail.com,firefighter
10067,Bill,Randene,Bill.Randene@somemail.com,Bill.Randene@anothermail.com,worker
10068,Jaclyn,An,Jaclyn.An@somemail.com,Jaclyn.An@anothermail.com,doctor
10069,Janey,Kellby,Janey.Kellby@somemail.com,Janey.Kellby@anothermail.com,police officer
10070,Joleen,Berl,Joleen.Berl@somemail.com,Joleen.Berl@anothermail.com,doctor
10071,Rubie,Wilkinson,Rubie.Wilkinson@somemail.com,Rubie.Wilkinson@anothermail.com,police officer
10072,Wynne,Miru,Wynne.Miru@somemail.com,Wynne.Miru@anothermail.com,doctor
10073,Ulrike,Roxanna,Ulrike.Roxanna@somemail.com,Ulrike.Roxanna@anothermail.com,doctor
10074,Bernie,Zachary,Bernie.Zachary@somemail.com,Bernie.Zachary@anothermail.com,firefighter
10075,Benita,Therine,Benita.Therine@somemail.com,Benita.Therine@anothermail.com,firefighter
10076,Hermione,Diann,Hermione.Diann@somemail.com,Hermione.Diann@anothermail.com,doctor
10077,Elora,Bach,Elora.Bach@somemail.com,Elora.Bach@anothermail.com,police officer
10078,Heida,Mayeda,Heida.Mayeda@somemail.com,Heida.Mayeda@anothermail.com,developer
10079,Tobe,Haerr,Tobe.Haerr@somemail.com,Tobe.Haerr@anothermail.com,developer
10080,Natka,Yuille,Natka.Yuille@somemail.com,Natka.Yuille@anothermail.com,police officer
10081,Rochette,Croix,Rochette.Croix@somemail.com,Rochette.Croix@anothermail.com,developer
10082,Sidoney,Brieta,Sidoney.Brieta@somemail.com,Sidoney.Brieta@anothermail.com,worker
10083,Lorenza,Hanleigh,Lorenza.Hanleigh@somemail.com,Lorenza.Hanleigh@anothermail.com,developer
10084,Hettie,Dosia,Hettie.Dosia@somemail.com,Hettie.Dosia@anothermail.com,developer
10085,Blinni,Gale,Blinni.Gale@somemail.com,Blinni.Gale@anothermail.com,worker
10086,Johna,Macey,Johna.Macey@somemail.com,Johna.Macey@anothermail.com,developer
10087,Orsola,Timon,Orsola.Timon@somemail.com,Orsola.Timon@anothermail.com,developer
10088,Fanchon,Lane,Fanchon.Lane@somemail.com,Fanchon.Lane@anothermail.com,doctor
10089,Krystle,Zrike,Krystle.Zrike@somemail.com,Krystle.Zrike@anothermail.com,doctor
10090,Augustine,Hoenack,Augustine.Hoenack@somemail.com,Augustine.Hoenack@anothermail.com,worker
10091,Perry,Heidt,Perry.Heidt@somemail.com,Perry.Heidt@anothermail.com,doctor
10092,Lila,Lia,Lila.Lia@somemail.com,Lila.Lia@anothermail.com,developer
10093,Cacilie,Ammann,Cacilie.Ammann@somemail.com,Cacilie.Ammann@anothermail.com,police officer
10094,Lorne,Berne,Lorne.Berne@somemail.com,Lorne.Berne@anothermail.com,worker
10095,Brianna,Daegal,Brianna.Daegal@somemail.com,Brianna.Daegal@anothermail.com,developer
10096,Randa,Bonucci,Randa.Bonucci@somemail.com,Randa.Bonucci@anothermail.com,doctor
10097,Jemie,Burnside,Jemie.Burnside@somemail.com,Jemie.Burnside@anothermail.com,worker
10098,Celisse,Arathorn,Celisse.Arathorn@somemail.com,Celisse.Arathorn@anothermail.com,police officer
10099,Brana,Silvan,Brana.Silvan@somemail.com,Brana.Silvan@anothermail.com,worker
10100,Dari,Harday,Dari.Harday@somemail.com,Dari.Harday@anothermail.com,firefighter
10101,Raf,Tyson,Raf.Tyson@somemail.com,Raf.Tyson@anothermail.com,developer
10102,Edee,Ellord,Edee.Ellord@somemail.com,Edee.Ellord@anothermail.com,police officer
10103,Jennica,Faso,Jennica.Faso@somemail.com,Jennica.Faso@anothermail.com,police officer
10104,Meghann,Stacy,Meghann.Stacy@somemail.com,Meghann.Stacy@anothermail.com,firefighter
10105,Nicoli,Bluh,Nicoli.Bluh@somemail.com,Nicoli.Bluh@anothermail.com,firefighter
10106,Carol-Jean,Jalbert,Carol-Jean.Jalbert@somemail.com,Carol-Jean.Jalbert@anothermail.com,worker
10107,Rosanne,Sperling,Rosanne.Sperling@somemail.com,Rosanne.Sperling@anothermail.com,police officer
10108,Mara,Pulsifer,Mara.Pulsifer@somemail.com,Mara.Pulsifer@anothermail.com,firefighter
10109,Corina,Millda,Corina.Millda@somemail.com,Corina.Millda@anothermail.com,firefighter
10110,Wynne,Ludewig,Wynne.Ludewig@somemail.com,Wynne.Ludewig@anothermail.com,developer
10111,Phylis,Lenny,Phylis.Lenny@somemail.com,Phylis.Lenny@anothermail.com,police officer
10112,Mignon,Zitvaa,Mignon.Zitvaa@somemail.com,Mignon.Zitvaa@anothermail.com,worker
10113,Sissy,Saree,Sissy.Saree@somemail.com,Sissy.Saree@anothermail.com,firefighter
10114,Alameda,Kimmie,Alameda.Kimmie@somemail.com,Alameda.Kimmie@anothermail.com,doctor
10115,Lauryn,Othilia,Lauryn.Othilia@somemail.com,Lauryn.Othilia@anothermail.com,firefighter
10116,Agnese,Kevon,Agnese.Kevon@somemail.com,Agnese.Kevon@anothermail.com,developer
10117,Desirae,Stephie,Desirae.Stephie@somemail.com,Desirae.Stephie@anothermail.com,doctor
10118,Kalina,Jehu,Kalina.Jehu@somemail.com,Kalina.Jehu@anothermail.com,developer
10119,Di,Donell,Di.Donell@somemail.com,Di.Donell@anothermail.com,firefighter
10120,Robinia,Garlinda,Robinia.Garlinda@somemail.com,Robinia.Garlinda@anothermail.com,firefighter
10121,Demetris,Kress,Demetris.Kress@somemail.com,Demetris.Kress@anothermail.com,doctor
10122,Demetris,Sabella,Demetris.Sabella@somemail.com,Demetris.Sabella@anothermail.com,police officer
10123,Annecorinne,Clarissa,Annecorinne.Clarissa@somemail.com,Annecorinne.Clarissa@anothermail.com,police officer
10124,Dyann,Uund,Dyann.Uund@somemail.com,Dyann.Uund@anothermail.com,worker
10125,Jany,Behre,Jany.Behre@somemail.com,Jany.Behre@anothermail.com,worker
10126,Rozele,Maribeth,Rozele.Maribeth@somemail.com,Rozele.Maribeth@anothermail.com,firefighter
10127,Madalyn,Avi,Madalyn.Avi@somemail.com,Madalyn.Avi@anothermail.com,firefighter
10128,Bertine,Pauly,Bertine.Pauly@somemail.com,Bertine.Pauly@anothermail.com,developer
10129,Tori,Zamora,Tori.Zamora@somemail.com,Tori.Zamora@anothermail.com,police officer
10130,Tierney,Gwenore,Tierney.Gwenore@somemail.com,Tierney.Gwenore@anothermail.com,police officer
10131,Desirae,Decato,Desirae.Decato@somemail.com,Desirae.Decato@anothermail.com,worker
10132,Emmey,Colyer,Emmey.Colyer@somemail.com,Emmey.Colyer@anothermail.com,worker
10133,Siana,Alisia,Siana.Alisia@somemail.com,Siana.Alisia@anothermail.com,worker
10134,Wileen,Ardra,Wileen.Ardra@somemail.com,Wileen.Ardra@anothermail.com,developer
10135,Raquela,Cutlerr,Raquela.Cutlerr@somemail.com,Raquela.Cutlerr@anothermail.com,worker
10136,Sallie,Berne,Sallie.Berne@somemail.com,Sallie.Berne@anothermail.com,developer
10137,Ilse,Presber,Ilse.Presber@somemail.com,Ilse.Presber@anothermail.com,worker
10138,Helsa,Penelopa,Helsa.Penelopa@somemail.com,Helsa.Penelopa@anothermail.com,doctor
10139,Lonnie,Chandler,Lonnie.Chandler@somemail.com,Lonnie.Chandler@anothermail.com,doctor
10140,Brietta,Madox,Brietta.Madox@somemail.com,Brietta.Madox@anothermail.com,doctor
10141,Deirdre,Tengdin,Deirdre.Tengdin@somemail.com,Deirdre.Tengdin@anothermail.com,doctor
10142,Ofilia,Toor,Ofilia.Toor@somemail.com,Ofilia.Toor@anothermail.com,doctor
10143,Marti,Chem,Marti.Chem@somemail.com,Marti.Chem@anothermail.com,worker
10144,Kirbee,Ulphia,Kirbee.Ulphia@somemail.com,Kirbee.Ulphia@anothermail.com,police officer
10145,Lizzie,Vacuva,Lizzie.Vacuva@somemail.com,Lizzie.Vacuva@anothermail.com,developer
10146,Madelle,Melleta,Madelle.Melleta@somemail.com,Madelle.Melleta@anothermail.com,worker
10147,Judy,Leary,Judy.Leary@somemail.com,Judy.Leary@anothermail.com,firefighter
10148,Kimmy,Edison,Kimmy.Edison@somemail.com,Kimmy.Edison@anothermail.com,worker
10149,Millie,Kesley,Millie.Kesley@somemail.com,Millie.Kesley@anothermail.com,doctor
10150,Ericka,Ochs,Ericka.Ochs@somemail.com,Ericka.Ochs@anothermail.com,police officer
10151,Pearline,Brackely,Pearline.Brackely@somemail.com,Pearline.Brackely@anothermail.com,firefighter
10152,Sidoney,Seumas,Sidoney.Seumas@somemail.com,Sidoney.Seumas@anothermail.com,police officer
10153,Sashenka,Sophronia,Sashenka.Sophronia@somemail.com,Sashenka.Sophronia@anothermail.com,police officer
10154,Randa,Jacinda,Randa.Jacinda@somemail.com,Randa.Jacinda@anothermail.com,developer
10155,Grier,Pitt,Grier.Pitt@somemail.com,Grier.Pitt@anothermail.com,developer
10156,Magdalena,Himelman,Magdalena.Himelman@somemail.com,Magdalena.Himelman@anothermail.com,worker
10157,Genevra,Lenny,Genevra.Lenny@somemail.com,Genevra.Lenny@anothermail.com,police officer
10158,Riannon,Francene,Riannon.Francene@somemail.com,Riannon.Francene@anothermail.com,developer
10159,Barbi,Hilbert,Barbi.Hilbert@somemail.com,Barbi.Hilbert@anothermail.com,worker
10160,Helsa,Kronfeld,Helsa.Kronfeld@somemail.com,Helsa.Kronfeld@anothermail.com,worker
10161,Karena,Deegan,Karena.Deegan@somemail.com,Karena.Deegan@anothermail.com,worker
10162,Claresta,Ehrman,Claresta.Ehrman@somemail.com,Claresta.Ehrman@anothermail.com,worker
10163,Deane,Thilda,Deane.Thilda@somemail.com,Deane.Thilda@anothermail.com,police officer
10164,Gui,Lutero,Gui.Lutero@somemail.com,Gui.Lutero@anothermail.com,worker
10165,Melanie,My,Melanie.My@somemail.com,Melanie.My@anothermail.com,firefighter
10166,Marnia,Couture,Marnia.Couture@somemail.com,Marnia.Couture@anothermail.com,police officer
10167,Tarra,Rheingold,Tarra.Rheingold@somemail.com,Tarra.Rheingold@anothermail.com,worker
10168,Tonia,Gemini,Tonia.Gemini@somemail.com,Tonia.Gemini@anothermail.com,doctor
10169,Drucie,Glenden,Drucie.Glenden@somemail.com,Drucie.Glenden@anothermail.com,developer
10170,June,Slifka,June.Slifka@somemail.com,June.Slifka@anothermail.com,firefighter
10171,Ariela,Hourigan,Ariela.Hourigan@somemail.com,Ariela.Hourigan@anothermail.com,worker
10172,Penelopa,Berard,Penelopa.Berard@somemail.com,Penelopa.Berard@anothermail.com,doctor
10173,Vivia,Fairweather,Vivia.Fairweather@somemail.com,Vivia.Fairweather@anothermail.com,firefighter
10174,Gerianna,Dosia,Gerianna.Dosia@somemail.com,Gerianna.Dosia@anothermail.com,worker
10175,Deloria,Lail,Deloria.Lail@somemail.com,Deloria.Lail@anothermail.com,doctor
10176,Ingrid,Kellby,Ingrid.Kellby@somemail.com,Ingrid.Kellby@anothermail.com,firefighter
10177,Vere,Gladstone,Vere.Gladstone@somemail.com,Vere.Gladstone@anothermail.com,doctor
10178,Chastity,Valerio,Chastity.Valerio@somemail.com,Chastity.Valerio@anothermail.com,firefighter
10179,Merci,Ehrman,Merci.Ehrman@somemail.com,Merci.Ehrman@anothermail.com,doctor
10180,Abbie,Dermott,Abbie.Dermott@somemail.com,Abbie.Dermott@anothermail.com,developer
10181,Aubrie,Ellord,Aubrie.Ellord@somemail.com,Aubrie.Ellord@anothermail.com,worker
10182,Lorenza,Uund,Lorenza.Uund@somemail.com,Lorenza.Uund@anothermail.com,worker
10183,Annice,Kenwood,Annice.Kenwood@somemail.com,Annice.Kenwood@anothermail.com,firefighter
10184,Selma,Baudin,Selma.Baudin@somemail.com,Selma.Baudin@anothermail.com,worker
10185,Marita,Jagir,Marita.Jagir@somemail.com,Marita.Jagir@anothermail.com,developer
10186,Katharina,Barney,Katharina.Barney@somemail.com,Katharina.Barney@anothermail.com,firefighter
10187,Suzette,Natica,Suzette.Natica@somemail.com,Suzette.Natica@anothermail.com,developer
10188,Flo,Giff,Flo.Giff@somemail.com,Flo.Giff@anothermail.com,worker
10189,Adelle,Clarissa,Adelle.Clarissa@somemail.com,Adelle.Clarissa@anothermail.com,worker
10190,Carmela,Heidt,Carmela.Heidt@somemail.com,Carmela.Heidt@anothermail.com,worker
10191,Inga,Sibyls,Inga.Sibyls@somemail.com,Inga.Sibyls@anothermail.com,firefighter
10192,Heddie,Zeeba,Heddie.Zeeba@somemail.com,Heddie.Zeeba@anothermail.com,doctor
10193,Roseline,Cookie,Roseline.Cookie@somemail.com,Roseline.Cookie@anothermail.com,developer
10194,Alleen,Yate,Alleen.Yate@somemail.com,Alleen.Yate@anothermail.com,doctor
10195,Fina,Bashemeth,Fina.Bashemeth@somemail.com,Fina.Bashemeth@anothermail.com,firefighter
10196,Ashlee,Tjon,Ashlee.Tjon@somemail.com,Ashlee.Tjon@anothermail.com,worker
10197,Chloris,Tomasina,Chloris.Tomasina@somemail.com,Chloris.Tomasina@anothermail.com,doctor
10198,Mamie,Shanley,Mamie.Shanley@somemail.com,Mamie.Shanley@anothermail.com,developer
10199,Stevana,Meter,Stevana.Meter@somemail.com,Stevana.Meter@anothermail.com,firefighter
10200,Danika,Bergman,Danika.Bergman@somemail.com,Danika.Bergman@anothermail.com,worker
10201,Ayn,Sandye,Ayn.Sandye@somemail.com,Ayn.Sandye@anothermail.com,worker
10202,Lonnie,Suanne,Lonnie.Suanne@somemail.com,Lonnie.Suanne@anothermail.com,worker
10203,Zsa Zsa,Japeth,Zsa Zsa.Japeth@somemail.com,Zsa Zsa.Japeth@anothermail.com,police officer
10204,Jeanna,Aloise,Jeanna.Aloise@somemail.com,Jeanna.Aloise@anothermail.com,doctor
10205,Letizia,Septima,Letizia.Septima@somemail.com,Letizia.Septima@anothermail.com,firefighter
10206,Angela,Rheingold,Angela.Rheingold@somemail.com,Angela.Rheingold@anothermail.com,firefighter
10207,Kenna,Mayeda,Kenna.Mayeda@somemail.com,Kenna.Mayeda@anothermail.com,developer
10208,Edith,Bouchard,Edith.Bouchard@somemail.com,Edith.Bouchard@anothermail.com,worker
10209,Imojean,Wallis,Imojean.Wallis@somemail.com,Imojean.Wallis@anothermail.com,worker
10210,Renie,Secrest,Renie.Secrest@somemail.com,Renie.Secrest@anothermail.com,developer
10211,Anica,Corabella,Anica.Corabella@somemail.com,Anica.Corabella@anothermail.com,worker
10212,Kelly,Cressida,Kelly.Cressida@somemail.com,Kelly.Cressida@anothermail.com,doctor
10213,Danika,Blake,Danika.Blake@somemail.com,Danika.Blake@anothermail.com,doctor
10214,Tamqrah,Seligman,Tamqrah.Seligman@somemail.com,Tamqrah.Seligman@anothermail.com,developer
10215,Diena,Cristi,Diena.Cristi@somemail.com,Diena.Cristi@anothermail.com,police officer
10216,Wynne,Elo,Wynne.Elo@somemail.com,Wynne.Elo@anothermail.com,doctor
10217,Alexine,Ingra,Alexine.Ingra@somemail.com,Alexine.Ingra@anothermail.com,doctor
10218,Concettina,Giule,Concettina.Giule@somemail.com,Concettina.Giule@anothermail.com,worker
10219,Jessamyn,Lattie,Jessamyn.Lattie@somemail.com,Jessamyn.Lattie@anothermail.com,doctor
10220,Renie,Colleen,Renie.Colleen@somemail.com,Renie.Colleen@anothermail.com,doctor
10221,Perry,Fry,Perry.Fry@somemail.com,Perry.Fry@anothermail.com,police officer
10222,Clementine,Heisel,Clementine.Heisel@somemail.com,Clementine.Heisel@anothermail.com,worker
10223,Phylis,Devlen,Phylis.Devlen@somemail.com,Phylis.Devlen@anothermail.com,police officer
10224,Ardenia,Standing,Ardenia.Standing@somemail.com,Ardenia.Standing@anothermail.com,worker
10225,Elie,Carri,Elie.Carri@somemail.com,Elie.Carri@anothermail.com,police officer
10226,Odessa,Kunin,Odessa.Kunin@somemail.com,Odessa.Kunin@anothermail.com,doctor
10227,Roseline,Lauraine,Roseline.Lauraine@somemail.com,Roseline.Lauraine@anothermail.com,developer
10228,Phylis,Burnside,Phylis.Burnside@somemail.com,Phylis.Burnside@anothermail.com,police officer
10229,Zsa Zsa,Muriel,Zsa Zsa.Muriel@somemail.com,Zsa Zsa.Muriel@anothermail.com,developer
10230,Andree,Reinke,Andree.Reinke@somemail.com,Andree.Reinke@anothermail.com,worker
10231,Lory,Behre,Lory.Behre@somemail.com,Lory.Behre@anothermail.com,police officer
10232,Mahalia,Cimbura,Mahalia.Cimbura@somemail.com,Mahalia.Cimbura@anothermail.com,police officer
10233,Pierette,Whiffen,Pierette.Whiffen@somemail.com,Pierette.Whiffen@anothermail.com,worker
10234,Kate,Dahlia,Kate.Dahlia@somemail.com,Kate.Dahlia@anothermail.com,worker
10235,Vita,Glenden,Vita.Glenden@somemail.com,Vita.Glenden@anothermail.com,developer
10236,Max,Ingra,Max.Ingra@somemail.com,Max.Ingra@anothermail.com,firefighter
10237,Robbi,Angelis,Robbi.Angelis@somemail.com,Robbi.Angelis@anothermail.com,developer
10238,Mellicent,Tybald,Mellicent.Tybald@somemail.com,Mellicent.Tybald@anothermail.com,firefighter
10239,Elfreda,Bethany,Elfreda.Bethany@somemail.com,Elfreda.Bethany@anothermail.com,firefighter
10240,Leanna,Ruvolo,Leanna.Ruvolo@somemail.com,Leanna.Ruvolo@anothermail.com,worker
10241,Hallie,Goldina,Hallie.Goldina@somemail.com,Hallie.Goldina@anothermail.com,developer
10242,Clary,Mauer,Clary.Mauer@somemail.com,Clary.Mauer@anothermail.com,police officer
10243,Ellette,Gaspard,Ellette.Gaspard@somemail.com,Ellette.Gaspard@anothermail.com,doctor
10244,Fanchon,Rossner,Fanchon.Rossner@somemail.com,Fanchon.Rossner@anothermail.com,worker
10245,Blondelle,Santoro,Blondelle.Santoro@somemail.com,Blondelle.Santoro@anothermail.com,firefighter
10246,Marnia,Shaddock,Marnia.Shaddock@somemail.com,Marnia.Shaddock@anothermail.com,police officer
10247,Mara,Knowling,Mara.Knowling@somemail.com,Mara.Knowling@anothermail.com,firefighter
10248,Carol-Jean,Bury,Carol-Jean.Bury@somemail.com,Carol-Jean.Bury@anothermail.com,firefighter
10249,Lisette,Poppy,Lisette.Poppy@somemail.com,Lisette.Poppy@anothermail.com,doctor
10250,Ayn,Wallis,Ayn.Wallis@somemail.com,Ayn.Wallis@anothermail.com,firefighter
10251,Carol-Jean,Kelula,Carol-Jean.Kelula@somemail.com,Carol-Jean.Kelula@anothermail.com,doctor
10252,Oona,Ajay,Oona.Ajay@somemail.com,Oona.Ajay@anothermail.com,doctor
10253,Hope,Evangelia,Hope.Evangelia@somemail.com,Hope.Evangelia@anothermail.com,worker
10254,Vinita,Aloise,Vinita.Aloise@somemail.com,Vinita.Aloise@anothermail.com,worker
10255,Dennie,Hailee,Dennie.Hailee@somemail.com,Dennie.Hailee@anothermail.com,worker
10256,Ingrid,Colbert,Ingrid.Colbert@somemail.com,Ingrid.Colbert@anothermail.com,developer
10257,Janey,Ophelia,Janey.Ophelia@somemail.com,Janey.Ophelia@anothermail.com,worker
10258,Maye,Nisbet,Maye.Nisbet@somemail.com,Maye.Nisbet@anothermail.com,worker
10259,Lolita,Ade,Lolita.Ade@somemail.com,Lolita.Ade@anothermail.com,developer
10260,Shirlee,Gino,Shirlee.Gino@somemail.com,Shirlee.Gino@anothermail.com,developer
10261,Adore,Melleta,Adore.Melleta@somemail.com,Adore.Melleta@anothermail.com,police officer
10262,Sarette,Pulsifer,Sarette.Pulsifer@somemail.com,Sarette.Pulsifer@anothermail.com,police officer
10263,Consuela,Faust,Consuela.Faust@somemail.com,Consuela.Faust@anothermail.com,firefighter
10264,Rivalee,Vittoria,Rivalee.Vittoria@somemail.com,Rivalee.Vittoria@anothermail.com,developer
10265,Henriette,Goerke,Henriette.Goerke@somemail.com,Henriette.Goerke@anothermail.com,firefighter
10266,Letizia,Tarrant,Letizia.Tarrant@somemail.com,Letizia.Tarrant@anothermail.com,doctor
10267,Cacilie,Newell,Cacilie.Newell@somemail.com,Cacilie.Newell@anothermail.com,worker
10268,Candi,Brady,Candi.Brady@somemail.com,Candi.Brady@anothermail.com,worker
10269,Gusty,Ingra,Gusty.Ingra@somemail.com,Gusty.Ingra@anothermail.com,developer
10270,Ronna,Narton,Ronna.Narton@somemail.com,Ronna.Narton@anothermail.com,police officer
10271,Audrie,Gabrielli,Audrie.Gabrielli@somemail.com,Audrie.Gabrielli@anothermail.com,police officer
10272,Jaime,Anderea,Jaime.Anderea@somemail.com,Jaime.Anderea@anothermail.com,firefighter
10273,Hyacinthe,Grosz,Hyacinthe.Grosz@somemail.com,Hyacinthe.Grosz@anothermail.com,doctor
10274,Pamella,Cloris,Pamella.Cloris@somemail.com,Pamella.Cloris@anothermail.com,worker
10275,Catharine,Thomasina,Catharine.Thomasina@somemail.com,Catharine.Thomasina@anothermail.com,police officer
10276,Quintina,Ehrman,Quintina.Ehrman@somemail.com,Quintina.Ehrman@anothermail.com,worker
10277,Etta,Bashemeth,Etta.Bashemeth@somemail.com,Etta.Bashemeth@anothermail.com,firefighter
10278,Peri,Sacken,Peri.Sacken@somemail.com,Peri.Sacken@anothermail.com,police officer
10279,Dawn,Chapland,Dawn.Chapland@somemail.com,Dawn.Chapland@anothermail.com,police officer
10280,Ruthe,Hebner,Ruthe.Hebner@somemail.com,Ruthe.Hebner@anothermail.com,doctor
10281,Lyssa,Phyllis,Lyssa.Phyllis@somemail.com,Lyssa.Phyllis@anothermail.com,police officer
10282,Dolli,Grimbly,Dolli.Grimbly@somemail.com,Dolli.Grimbly@anothermail.com,worker
10283,Vivia,Nisbet,Vivia.Nisbet@somemail.com,Vivia.Nisbet@anothermail.com,developer
10284,Jobi,Rona,Jobi.Rona@somemail.com,Jobi.Rona@anothermail.com,doctor
10285,Sybille,Gilmour,Sybille.Gilmour@somemail.com,Sybille.Gilmour@anothermail.com,developer
10286,Christian,Gaynor,Christian.Gaynor@somemail.com,Christian.Gaynor@anothermail.com,firefighter
10287,Wynne,Danby,Wynne.Danby@somemail.com,Wynne.Danby@anothermail.com,firefighter
10288,Robinia,Nikaniki,Robinia.Nikaniki@somemail.com,Robinia.Nikaniki@anothermail.com,worker
10289,Ingrid,Ovid,Ingrid.Ovid@somemail.com,Ingrid.Ovid@anothermail.com,developer
10290,Lindie,Esmaria,Lindie.Esmaria@somemail.com,Lindie.Esmaria@anothermail.com,worker
10291,Tatiania,Eachern,Tatiania.Eachern@somemail.com,Tatiania.Eachern@anothermail.com,worker
10292,Edee,Edmund,Edee.Edmund@somemail.com,Edee.Edmund@anothermail.com,developer
10293,Melanie,Tristram,Melanie.Tristram@somemail.com,Melanie.Tristram@anothermail.com,worker
10294,Aigneis,Birdella,Aigneis.Birdella@somemail.com,Aigneis.Birdella@anothermail.com,worker
10295,Lonnie,Newell,Lonnie.Newell@somemail.com,Lonnie.Newell@anothermail.com,police officer
10296,Trudie,Anestassia,Trudie.Anestassia@somemail.com,Trudie.Anestassia@anothermail.com,police officer
10297,Kylynn,Fry,Kylynn.Fry@somemail.com,Kylynn.Fry@anothermail.com,firefighter
10298,Elora,Herrera,Elora.Herrera@somemail.com,Elora.Herrera@anothermail.com,worker
10299,Paule,Toni,Paule.Toni@somemail.com,Paule.Toni@anothermail.com,doctor
10300,Cristabel,Chabot,Cristabel.Chabot@somemail.com,Cristabel.Chabot@anothermail.com,worker
10301,Gloria,Bigner,Gloria.Bigner@somemail.com,Gloria.Bigner@anothermail.com,police officer
10302,Britte,Marsden,Britte.Marsden@somemail.com,Britte.Marsden@anothermail.com,worker
10303,Janey,Shelba,Janey.Shelba@somemail.com,Janey.Shelba@anothermail.com,worker
10304,Natka,Gilbertson,Natka.Gilbertson@somemail.com,Natka.Gilbertson@anothermail.com,firefighter
10305,Nanete,Carbo,Nanete.Carbo@somemail.com,Nanete.Carbo@anothermail.com,developer
10306,Gabriellia,Jena,Gabriellia.Jena@somemail.com,Gabriellia.Jena@anothermail.com,police officer
10307,Feliza,Nickola,Feliza.Nickola@somemail.com,Feliza.Nickola@anothermail.com,firefighter
10308,Jeanna,Gillan,Jeanna.Gillan@somemail.com,Jeanna.Gillan@anothermail.com,developer
10309,Rosanne,Francene,Rosanne.Francene@somemail.com,Rosanne.Francene@anothermail.com,worker
10310,Keelia,Iiette,Keelia.Iiette@somemail.com,Keelia.Iiette@anothermail.com,worker
10311,Wileen,Oriana,Wileen.Oriana@somemail.com,Wileen.Oriana@anothermail.com,police officer
10312,Rebeca,Haymes,Rebeca.Haymes@somemail.com,Rebeca.Haymes@anothermail.com,developer
10313,Ann-Marie,Lia,Ann-Marie.Lia@somemail.com,Ann-Marie.Lia@anothermail.com,police officer
10314,Mallory,Kirbee,Mallory.Kirbee@somemail.com,Mallory.Kirbee@anothermail.com,worker
10315,Olivette,Granoff,Olivette.Granoff@somemail.com,Olivette.Granoff@anothermail.com,police officer
10316,Marti,Kamaria,Marti.Kamaria@somemail.com,Marti.Kamaria@anothermail.com,firefighter
10317,Diena,Thomasina,Diena.Thomasina@somemail.com,Diena.Thomasina@anothermail.com,firefighter
10318,Cyb,Eckblad,Cyb.Eckblad@somemail.com,Cyb.Eckblad@anothermail.com,worker
10319,Jsandye,Sophronia,Jsandye.Sophronia@somemail.com,Jsandye.Sophronia@anothermail.com,worker
10320,Joceline,Kathie,Joceline.Kathie@somemail.com,Joceline.Kathie@anothermail.com,firefighter
10321,Meghann,Schenck,Meghann.Schenck@somemail.com,Meghann.Schenck@anothermail.com,firefighter
10322,Sibella,Meli,Sibella.Meli@somemail.com,Sibella.Meli@anothermail.com,police officer
10323,Sissy,Forrer,Sissy.Forrer@somemail.com,Sissy.Forrer@anothermail.com,doctor
10324,Imojean,Gahl,Imojean.Gahl@somemail.com,Imojean.Gahl@anothermail.com,firefighter
10325,Cecile,Decato,Cecile.Decato@somemail.com,Cecile.Decato@anothermail.com,worker
10326,Marnia,Pitt,Marnia.Pitt@somemail.com,Marnia.Pitt@anothermail.com,police officer
10327,Augustine,Engdahl,Augustine.Engdahl@somemail.com,Augustine.Engdahl@anothermail.com,police officer
10328,Ayn,Pillsbury,Ayn.Pillsbury@somemail.com,Ayn.Pillsbury@anothermail.com,police officer
10329,Ardenia,Egbert,Ardenia.Egbert@somemail.com,Ardenia.Egbert@anothermail.com,worker
10330,Elsie,Dash,Elsie.Dash@somemail.com,Elsie.Dash@anothermail.com,doctor
10331,Marita,Himelman,Marita.Himelman@somemail.com,Marita.Himelman@anothermail.com,developer
10332,Genovera,Oster,Genovera.Oster@somemail.com,Genovera.Oster@anothermail.com,firefighter
10333,Elsie,Dannye,Elsie.Dannye@somemail.com,Elsie.Dannye@anothermail.com,worker
10334,Celestyna,Gaynor,Celestyna.Gaynor@somemail.com,Celestyna.Gaynor@anothermail.com,worker
10335,Janenna,Wu,Janenna.Wu@somemail.com,Janenna.Wu@anothermail.com,doctor
10336,Louella,Swanhildas,Louella.Swanhildas@somemail.com,Louella.Swanhildas@anothermail.com,doctor
10337,Jaime,McCutcheon,Jaime.McCutcheon@somemail.com,Jaime.McCutcheon@anothermail.com,firefighter
10338,Eadie,Brian,Eadie.Brian@somemail.com,Eadie.Brian@anothermail.com,doctor
10339,Dulce,Sophronia,Dulce.Sophronia@somemail.com,Dulce.Sophronia@anothermail.com,worker
10340,Aryn,Harday,Aryn.Harday@somemail.com,Aryn.Harday@anothermail.com,firefighter
10341,Nickie,Larochelle,Nickie.Larochelle@somemail.com,Nickie.Larochelle@anothermail.com,worker
10342,Marsiella,Fleeta,Marsiella.Fleeta@somemail.com,Marsiella.Fleeta@anothermail.com,doctor
10343,Tami,Ader,Tami.Ader@somemail.com,Tami.Ader@anothermail.com,developer
10344,Marsiella,Calhoun,Marsiella.Calhoun@somemail.com,Marsiella.Calhoun@anothermail.com,developer
10345,Rori,Karl,Rori.Karl@somemail.com,Rori.Karl@anothermail.com,firefighter
10346,Aigneis,Juan,Aigneis.Juan@somemail.com,Aigneis.Juan@anothermail.com,developer
10347,Mara,Bollay,Mara.Bollay@somemail.com,Mara.Bollay@anothermail.com,firefighter
10348,Wendi,Jeanne,Wendi.Jeanne@somemail.com,Wendi.Jeanne@anothermail.com,worker
10349,Dari,O'Neill,Dari.O'Neill@somemail.com,Dari.O'Neill@anothermail.com,worker
10350,Josephine,Obed,Josephine.Obed@somemail.com,Josephine.Obed@anothermail.com,firefighter
10351,Jenilee,Helfand,Jenilee.Helfand@somemail.com,Jenilee.Helfand@anothermail.com,firefighter
10352,Mildrid,Cloris,Mildrid.Cloris@somemail.com,Mildrid.Cloris@anothermail.com,worker
10353,Ira,Esmaria,Ira.Esmaria@somemail.com,Ira.Esmaria@anothermail.com,firefighter
10354,Tierney,Reidar,Tierney.Reidar@somemail.com,Tierney.Reidar@anothermail.com,developer
10355,Fredericka,Poppy,Fredericka.Poppy@somemail.com,Fredericka.Poppy@anothermail.com,police officer
10356,Kary,Frodi,Kary.Frodi@somemail.com,Kary.Frodi@anothermail.com,police officer
10357,Janenna,Phyllis,Janenna.Phyllis@somemail.com,Janenna.Phyllis@anothermail.com,police officer
10358,Aurore,Calhoun,Aurore.Calhoun@somemail.com,Aurore.Calhoun@anothermail.com,police officer
10359,Phedra,Lauraine,Phedra.Lauraine@somemail.com,Phedra.Lauraine@anothermail.com,developer
10360,Rosabelle,Papageno,Rosabelle.Papageno@somemail.com,Rosabelle.Papageno@anothermail.com,police officer
10361,Letizia,Kosey,Letizia.Kosey@somemail.com,Letizia.Kosey@anothermail.com,doctor
10362,Willetta,Junie,Willetta.Junie@somemail.com,Willetta.Junie@anothermail.com,developer
10363,Maisey,Giule,Maisey.Giule@somemail.com,Maisey.Giule@anothermail.com,firefighter
10364,Elka,Johnsson,Elka.Johnsson@somemail.com,Elka.Johnsson@anothermail.com,police officer
10365,Silvana,Telfer,Silvana.Telfer@somemail.com,Silvana.Telfer@anothermail.com,developer
10366,Michaelina,Dominy,Michaelina.Dominy@somemail.com,Michaelina.Dominy@anothermail.com,firefighter
10367,Philis,Gamaliel,Philis.Gamaliel@somemail.com,Philis.Gamaliel@anothermail.com,worker
10368,Trixi,Sinegold,Trixi.Sinegold@somemail.com,Trixi.Sinegold@anothermail.com,firefighter
10369,Melanie,Wittie,Melanie.Wittie@somemail.com,Melanie.Wittie@anothermail.com,firefighter
10370,Petronia,Dom,Petronia.Dom@somemail.com,Petronia.Dom@anothermail.com,developer
10371,Lisette,Palocz,Lisette.Palocz@somemail.com,Lisette.Palocz@anothermail.com,police officer
10372,Gisela,Wattenberg,Gisela.Wattenberg@somemail.com,Gisela.Wattenberg@anothermail.com,firefighter
10373,Gilda,Honoria,Gilda.Honoria@somemail.com,Gilda.Honoria@anothermail.com,firefighter
10374,Sean,Curren,Sean.Curren@somemail.com,Sean.Curren@anothermail.com,developer
10375,Eadie,Goddard,Eadie.Goddard@somemail.com,Eadie.Goddard@anothermail.com,doctor
10376,Dulce,Mathilde,Dulce.Mathilde@somemail.com,Dulce.Mathilde@anothermail.com,police officer
10377,Nataline,Kunin,Nataline.Kunin@somemail.com,Nataline.Kunin@anothermail.com,police officer
10378,Fernande,Ietta,Fernande.Ietta@somemail.com,Fernande.Ietta@anothermail.com,doctor
10379,Zondra,Wilona,Zondra.Wilona@somemail.com,Zondra.Wilona@anothermail.com,doctor
10380,Agnese,Fink,Agnese.Fink@somemail.com,Agnese.Fink@anothermail.com,firefighter
10381,Althea,Engdahl,Althea.Engdahl@somemail.com,Althea.Engdahl@anothermail.com,firefighter
10382,Clary,Philipp,Clary.Philipp@somemail.com,Clary.Philipp@anothermail.com,developer
10383,Hildegaard,Wareing,Hildegaard.Wareing@somemail.com,Hildegaard.Wareing@anothermail.com,worker
10384,Glenda,Lea,Glenda.Lea@somemail.com,Glenda.Lea@anothermail.com,worker
10385,Alisha,Shuler,Alisha.Shuler@somemail.com,Alisha.Shuler@anothermail.com,firefighter
10386,Frank,Lipson,Frank.Lipson@somemail.com,Frank.Lipson@anothermail.com,firefighter
10387,Ruthe,Mott,Ruthe.Mott@somemail.com,Ruthe.Mott@anothermail.com,worker
10388,Christian,Smitt,Christian.Smitt@somemail.com,Christian.Smitt@anothermail.com,doctor
10389,Merci,Berard,Merci.Berard@somemail.com,Merci.Berard@anothermail.com,developer
10390,Chloris,Israeli,Chloris.Israeli@somemail.com,Chloris.Israeli@anothermail.com,developer
10391,Peri,Afton,Peri.Afton@somemail.com,Peri.Afton@anothermail.com,police officer
10392,Elbertina,Kare,Elbertina.Kare@somemail.com,Elbertina.Kare@anothermail.com,doctor
10393,Wilma,Flita,Wilma.Flita@somemail.com,Wilma.Flita@anothermail.com,police officer
10394,Christal,Voletta,Christal.Voletta@somemail.com,Christal.Voletta@anothermail.com,worker
10395,Rivalee,Rugen,Rivalee.Rugen@somemail.com,Rivalee.Rugen@anothermail.com,police officer
10396,Priscilla,Tice,Priscilla.Tice@somemail.com,Priscilla.Tice@anothermail.com,police officer
10397,Roslyn,Regan,Roslyn.Regan@somemail.com,Roslyn.Regan@anothermail.com,worker
10398,Lisette,Hortensia,Lisette.Hortensia@somemail.com,Lisette.Hortensia@anothermail.com,developer
10399,Nikki,Deny,Nikki.Deny@somemail.com,Nikki.Deny@anothermail.com,worker
10400,Lesly,Milson,Lesly.Milson@somemail.com,Lesly.Milson@anothermail.com,police officer
10401,Concettina,Norvol,Concettina.Norvol@somemail.com,Concettina.Norvol@anothermail.com,worker
10402,Clo,Kirbee,Clo.Kirbee@somemail.com,Clo.Kirbee@anothermail.com,firefighter
10403,Gerianna,Cecile,Gerianna.Cecile@somemail.com,Gerianna.Cecile@anothermail.com,worker
10404,Jessamyn,Brandice,Jessamyn.Brandice@somemail.com,Jessamyn.Brandice@anothermail.com,worker
10405,Deloria,Obed,Deloria.Obed@somemail.com,Deloria.Obed@anothermail.com,developer
10406,Roxane,Clie,Roxane.Clie@somemail.com,Roxane.Clie@anothermail.com,police officer
10407,Annabela,Ursulette,Annabela.Ursulette@somemail.com,Annabela.Ursulette@anothermail.com,police officer
10408,Lanae,Dowski,Lanae.Dowski@somemail.com,Lanae.Dowski@anothermail.com,police officer
10409,Melodie,Charmine,Melodie.Charmine@somemail.com,Melodie.Charmine@anothermail.com,police officer
10410,Briney,Tristram,Briney.Tristram@somemail.com,Briney.Tristram@anothermail.com,doctor
10411,Veda,Rogerio,Veda.Rogerio@somemail.com,Veda.Rogerio@anothermail.com,firefighter
10412,Clo,Berriman,Clo.Berriman@somemail.com,Clo.Berriman@anothermail.com,police officer
10413,Fayre,Telfer,Fayre.Telfer@somemail.com,Fayre.Telfer@anothermail.com,firefighter
10414,Daryl,Han,Daryl.Han@somemail.com,Daryl.Han@anothermail.com,firefighter
10415,Ann-Marie,Paton,Ann-Marie.Paton@somemail.com,Ann-Marie.Paton@anothermail.com,firefighter
10416,Corene,Nisbet,Corene.Nisbet@somemail.com,Corene.Nisbet@anothermail.com,developer
10417,Karina,Bevin,Karina.Bevin@somemail.com,Karina.Bevin@anothermail.com,police officer
10418,Gwenneth,Orelee,Gwenneth.Orelee@somemail.com,Gwenneth.Orelee@anothermail.com,firefighter
10419,Roxane,Celestine,Roxane.Celestine@somemail.com,Roxane.Celestine@anothermail.com,worker
10420,Jere,Jerold,Jere.Jerold@somemail.com,Jere.Jerold@anothermail.com,worker
10421,Rayna,Redmond,Rayna.Redmond@somemail.com,Rayna.Redmond@anothermail.com,worker
10422,Maridel,Yorick,Maridel.Yorick@somemail.com,Maridel.Yorick@anothermail.com,police officer
10423,Lacie,Travax,Lacie.Travax@somemail.com,Lacie.Travax@anothermail.com,firefighter
10424,Brandise,Nedrud,Brandise.Nedrud@somemail.com,Brandise.Nedrud@anothermail.com,developer
10425,Kial,Rese,Kial.Rese@somemail.com,Kial.Rese@anothermail.com,worker
10426,Beth,Tyson,Beth.Tyson@somemail.com,Beth.Tyson@anothermail.com,police officer
10427,Pierette,Ephrem,Pierette.Ephrem@somemail.com,Pierette.Ephrem@anothermail.com,police officer
10428,Sidoney,Flyn,Sidoney.Flyn@somemail.com,Sidoney.Flyn@anothermail.com,doctor
10429,Max,Bearnard,Max.Bearnard@somemail.com,Max.Bearnard@anothermail.com,police officer
10430,Max,Pond,Max.Pond@somemail.com,Max.Pond@anothermail.com,worker
10431,Aubrie,Secrest,Aubrie.Secrest@somemail.com,Aubrie.Secrest@anothermail.com,police officer
10432,Dotty,Felecia,Dotty.Felecia@somemail.com,Dotty.Felecia@anothermail.com,doctor
10433,Linzy,Halla,Linzy.Halla@somemail.com,Linzy.Halla@anothermail.com,police officer
10434,Doralynne,Erich,Doralynne.Erich@somemail.com,Doralynne.Erich@anothermail.com,doctor
10435,Meghann,Cullin,Meghann.Cullin@somemail.com,Meghann.Cullin@anothermail.com,firefighter
10436,Reeba,Syd,Reeba.Syd@somemail.com,Reeba.Syd@anothermail.com,worker
10437,Donnie,Dash,Donnie.Dash@somemail.com,Donnie.Dash@anothermail.com,firefighter
10438,Damaris,Astra,Damaris.Astra@somemail.com,Damaris.Astra@anothermail.com,doctor
10439,Lusa,Peti,Lusa.Peti@somemail.com,Lusa.Peti@anothermail.com,developer
10440,Katuscha,Fleeta,Katuscha.Fleeta@somemail.com,Katuscha.Fleeta@anothermail.com,worker
10441,Althea,Henrie,Althea.Henrie@somemail.com,Althea.Henrie@anothermail.com,worker
10442,Miquela,Means,Miquela.Means@somemail.com,Miquela.Means@anothermail.com,worker
10443,Magdalena,Loleta,Magdalena.Loleta@somemail.com,Magdalena.Loleta@anothermail.com,developer
10444,Cathie,Henrie,Cathie.Henrie@somemail.com,Cathie.Henrie@anothermail.com,worker
10445,Alisha,Ralfston,Alisha.Ralfston@somemail.com,Alisha.Ralfston@anothermail.com,doctor
10446,Carree,Jacinda,Carree.Jacinda@somemail.com,Carree.Jacinda@anothermail.com,firefighter
10447,Eve,Ade,Eve.Ade@somemail.com,Eve.Ade@anothermail.com,developer
10448,Valeda,Sherfield,Valeda.Sherfield@somemail.com,Valeda.Sherfield@anothermail.com,police officer
10449,Dede,Gordon,Dede.Gordon@somemail.com,Dede.Gordon@anothermail.com,developer
10450,Ofilia,Obed,Ofilia.Obed@somemail.com,Ofilia.Obed@anothermail.com,firefighter
10451,Thalia,Henebry,Thalia.Henebry@somemail.com,Thalia.Henebry@anothermail.com,firefighter
10452,Starla,Kelula,Starla.Kelula@somemail.com,Starla.Kelula@anothermail.com,doctor
10453,Teddie,Travax,Teddie.Travax@somemail.com,Teddie.Travax@anothermail.com,doctor
10454,Damaris,Joli,Damaris.Joli@somemail.com,Damaris.Joli@anothermail.com,doctor
10455,Lucille,Dannye,Lucille.Dannye@somemail.com,Lucille.Dannye@anothermail.com,developer
10456,Candy,Hirsch,Candy.Hirsch@somemail.com,Candy.Hirsch@anothermail.com,doctor
10457,Marika,Chandler,Marika.Chandler@somemail.com,Marika.Chandler@anothermail.com,developer
10458,Jasmina,Sekofski,Jasmina.Sekofski@somemail.com,Jasmina.Sekofski@anothermail.com,police officer
10459,Eve,Cullin,Eve.Cullin@somemail.com,Eve.Cullin@anothermail.com,worker
10460,Gusty,Hewitt,Gusty.Hewitt@somemail.com,Gusty.Hewitt@anothermail.com,worker
10461,Penelopa,Riordan,Penelopa.Riordan@somemail.com,Penelopa.Riordan@anothermail.com,doctor
10462,Margarette,Sacken,Margarette.Sacken@somemail.com,Margarette.Sacken@anothermail.com,police officer
10463,Wilma,Bollay,Wilma.Bollay@somemail.com,Wilma.Bollay@anothermail.com,worker
10464,Deirdre,Beebe,Deirdre.Beebe@somemail.com,Deirdre.Beebe@anothermail.com,doctor
10465,Rosanne,Wandie,Rosanne.Wandie@somemail.com,Rosanne.Wandie@anothermail.com,police officer
10466,Sabina,Chrystel,Sabina.Chrystel@somemail.com,Sabina.Chrystel@anothermail.com,police officer
10467,Bobinette,Berriman,Bobinette.Berriman@somemail.com,Bobinette.Berriman@anothermail.com,police officer
10468,Lyssa,Halla,Lyssa.Halla@somemail.com,Lyssa.Halla@anothermail.com,developer
10469,Jessamyn,Sikorski,Jessamyn.Sikorski@somemail.com,Jessamyn.Sikorski@anothermail.com,developer
10470,Brianna,Ajay,Brianna.Ajay@somemail.com,Brianna.Ajay@anothermail.com,doctor
10471,Susette,Cleavland,Susette.Cleavland@somemail.com,Susette.Cleavland@anothermail.com,developer
10472,Raina,Frodi,Raina.Frodi@somemail.com,Raina.Frodi@anothermail.com,worker
10473,Bill,Geffner,Bill.Geffner@somemail.com,Bill.Geffner@anothermail.com,police officer
10474,Codie,Ioab,Codie.Ioab@somemail.com,Codie.Ioab@anothermail.com,police officer
10475,Emilia,Even,Emilia.Even@somemail.com,Emilia.Even@anothermail.com,firefighter
10476,Asia,Jotham,Asia.Jotham@somemail.com,Asia.Jotham@anothermail.com,worker
10477,Nataline,Alfons,Nataline.Alfons@somemail.com,Nataline.Alfons@anothermail.com,developer
10478,Jacenta,Dosia,Jacenta.Dosia@somemail.com,Jacenta.Dosia@anothermail.com,doctor
10479,Tracey,Wandie,Tracey.Wandie@somemail.com,Tracey.Wandie@anothermail.com,doctor
10480,Maye,Girardo,Maye.Girardo@somemail.com,Maye.Girardo@anothermail.com,developer
10481,Jessamyn,Astra,Jessamyn.Astra@somemail.com,Jessamyn.Astra@anothermail.com,firefighter
10482,Claudina,Dash,Claudina.Dash@somemail.com,Claudina.Dash@anothermail.com,doctor
10483,Letizia,Garek,Letizia.Garek@somemail.com,Letizia.Garek@anothermail.com,police officer
10484,Neila,Tybald,Neila.Tybald@somemail.com,Neila.Tybald@anothermail.com,worker
10485,Wanda,Bach,Wanda.Bach@somemail.com,Wanda.Bach@anothermail.com,police officer
10486,Lucy,Sherrie,Lucy.Sherrie@somemail.com,Lucy.Sherrie@anothermail.com,firefighter
10487,Adriana,Hanshaw,Adriana.Hanshaw@somemail.com,Adriana.Hanshaw@anothermail.com,developer
10488,Dacia,Jalbert,Dacia.Jalbert@somemail.com,Dacia.Jalbert@anothermail.com,developer
10489,Linet,Lytton,Linet.Lytton@somemail.com,Linet.Lytton@anothermail.com,developer
10490,Kimmy,Chesna,Kimmy.Chesna@somemail.com,Kimmy.Chesna@anothermail.com,firefighter
10491,Merle,Corilla,Merle.Corilla@somemail.com,Merle.Corilla@anothermail.com,developer
10492,Marsiella,Elisha,Marsiella.Elisha@somemail.com,Marsiella.Elisha@anothermail.com,firefighter
10493,Kellen,Oster,Kellen.Oster@somemail.com,Kellen.Oster@anothermail.com,doctor
10494,Aubrie,Tomasina,Aubrie.Tomasina@somemail.com,Aubrie.Tomasina@anothermail.com,police officer
10495,Ronna,Evangelia,Ronna.Evangelia@somemail.com,Ronna.Evangelia@anothermail.com,doctor
10496,Penelopa,Dimitris,Penelopa.Dimitris@somemail.com,Penelopa.Dimitris@anothermail.com,firefighter
10497,Lucy,Urias,Lucy.Urias@somemail.com,Lucy.Urias@anothermail.com,worker
10498,Dotty,Bronk,Dotty.Bronk@somemail.com,Dotty.Bronk@anothermail.com,police officer
10499,Tamqrah,Salchunas,Tamqrah.Salchunas@somemail.com,Tamqrah.Salchunas@anothermail.com,doctor
10500,Merry,Aida,Merry.Aida@somemail.com,Merry.Aida@anothermail.com,firefighter
10501,Donetta,Phaidra,Donetta.Phaidra@somemail.com,Donetta.Phaidra@anothermail.com,firefighter
10502,Julieta,Lay,Julieta.Lay@somemail.com,Julieta.Lay@anothermail.com,police officer
10503,Zia,Revkah,Zia.Revkah@somemail.com,Zia.Revkah@anothermail.com,worker
10504,Collen,Daveta,Collen.Daveta@somemail.com,Collen.Daveta@anothermail.com,police officer
10505,Elie,Ehrman,Elie.Ehrman@somemail.com,Elie.Ehrman@anothermail.com,firefighter
10506,Sadie,Ardeha,Sadie.Ardeha@somemail.com,Sadie.Ardeha@anothermail.com,police officer
10507,Katleen,Bertold,Katleen.Bertold@somemail.com,Katleen.Bertold@anothermail.com,firefighter
10508,Donetta,Bach,Donetta.Bach@somemail.com,Donetta.Bach@anothermail.com,doctor
10509,Wynne,Flyn,Wynne.Flyn@somemail.com,Wynne.Flyn@anothermail.com,firefighter
10510,Janenna,Ursulette,Janenna.Ursulette@somemail.com,Janenna.Ursulette@anothermail.com,firefighter
10511,Alex,Chaing,Alex.Chaing@somemail.com,Alex.Chaing@anothermail.com,firefighter
10512,Blake,Ade,Blake.Ade@somemail.com,Blake.Ade@anothermail.com,worker
10513,Eolanda,Noman,Eolanda.Noman@somemail.com,Eolanda.Noman@anothermail.com,police officer
10514,Emmey,Wadell,Emmey.Wadell@somemail.com,Emmey.Wadell@anothermail.com,doctor
10515,Deirdre,Sandye,Deirdre.Sandye@somemail.com,Deirdre.Sandye@anothermail.com,worker
10516,Meriel,Edison,Meriel.Edison@somemail.com,Meriel.Edison@anothermail.com,police officer
10517,Cacilie,Jacqui,Cacilie.Jacqui@somemail.com,Cacilie.Jacqui@anothermail.com,developer
10518,Lilith,Ehrman,Lilith.Ehrman@somemail.com,Lilith.Ehrman@anothermail.com,police officer
10519,Elie,Orpah,Elie.Orpah@somemail.com,Elie.Orpah@anothermail.com,worker
10520,Emelina,Ogren,Emelina.Ogren@somemail.com,Emelina.Ogren@anothermail.com,police officer
10521,Jolyn,Kaja,Jolyn.Kaja@somemail.com,Jolyn.Kaja@anothermail.com,developer
10522,Melina,Chandler,Melina.Chandler@somemail.com,Melina.Chandler@anothermail.com,doctor
10523,Dolli,Neils,Dolli.Neils@somemail.com,Dolli.Neils@anothermail.com,developer
10524,Daryl,Wenoa,Daryl.Wenoa@somemail.com,Daryl.Wenoa@anothermail.com,police officer
10525,Elsie,Maroney,Elsie.Maroney@somemail.com,Elsie.Maroney@anothermail.com,doctor
10526,Elyssa,Heisel,Elyssa.Heisel@somemail.com,Elyssa.Heisel@anothermail.com,police officer
10527,Feliza,Noam,Feliza.Noam@somemail.com,Feliza.Noam@anothermail.com,developer
10528,Madalyn,Iaverne,Madalyn.Iaverne@somemail.com,Madalyn.Iaverne@anothermail.com,worker
10529,Frances,Plato,Frances.Plato@somemail.com,Frances.Plato@anothermail.com,police officer
10530,Imojean,Teddman,Imojean.Teddman@somemail.com,Imojean.Teddman@anothermail.com,developer
10531,Amalie,Gordon,Amalie.Gordon@somemail.com,Amalie.Gordon@anothermail.com,police officer
10532,Ariela,Natica,Ariela.Natica@somemail.com,Ariela.Natica@anothermail.com,doctor
10533,Viviene,Maribeth,Viviene.Maribeth@somemail.com,Viviene.Maribeth@anothermail.com,doctor
10534,Lauryn,Garrison,Lauryn.Garrison@somemail.com,Lauryn.Garrison@anothermail.com,doctor
10535,Alyda,Cadmar,Alyda.Cadmar@somemail.com,Alyda.Cadmar@anothermail.com,police officer
10536,Jinny,Zola,Jinny.Zola@somemail.com,Jinny.Zola@anothermail.com,firefighter
10537,Basia,Afton,Basia.Afton@somemail.com,Basia.Afton@anothermail.com,firefighter
10538,Quintina,Ardra,Quintina.Ardra@somemail.com,Quintina.Ardra@anothermail.com,developer
10539,Jackie,Ashok,Jackie.Ashok@somemail.com,Jackie.Ashok@anothermail.com,doctor
10540,Nananne,Erskine,Nananne.Erskine@somemail.com,Nananne.Erskine@anothermail.com,firefighter
10541,Kerrin,Zetta,Kerrin.Zetta@somemail.com,Kerrin.Zetta@anothermail.com,developer
10542,Ardys,Cookie,Ardys.Cookie@somemail.com,Ardys.Cookie@anothermail.com,police officer
10543,Talya,Ashok,Talya.Ashok@somemail.com,Talya.Ashok@anothermail.com,doctor
10544,Damaris,Zamora,Damaris.Zamora@somemail.com,Damaris.Zamora@anothermail.com,police officer
10545,Lizzie,Percy,Lizzie.Percy@somemail.com,Lizzie.Percy@anothermail.com,doctor
10546,Catrina,Redmond,Catrina.Redmond@somemail.com,Catrina.Redmond@anothermail.com,firefighter
10547,Benita,Alexandr,Benita.Alexandr@somemail.com,Benita.Alexandr@anothermail.com,worker
10548,Ricky,Larochelle,Ricky.Larochelle@somemail.com,Ricky.Larochelle@anothermail.com,developer
10549,Nannie,Auberbach,Nannie.Auberbach@somemail.com,Nannie.Auberbach@anothermail.com,worker
10550,Berget,Georgy,Berget.Georgy@somemail.com,Berget.Georgy@anothermail.com,firefighter
10551,Cyndie,Tybald,Cyndie.Tybald@somemail.com,Cyndie.Tybald@anothermail.com,firefighter
10552,Jorry,Liebermann,Jorry.Liebermann@somemail.com,Jorry.Liebermann@anothermail.com,police officer
10553,Yvonne,Dorothy,Yvonne.Dorothy@somemail.com,Yvonne.Dorothy@anothermail.com,police officer
10554,Daryl,Hailee,Daryl.Hailee@somemail.com,Daryl.Hailee@anothermail.com,firefighter
10555,Elsie,Rozanna,Elsie.Rozanna@somemail.com,Elsie.Rozanna@anothermail.com,doctor
10556,Keelia,Cottle,Keelia.Cottle@somemail.com,Keelia.Cottle@anothermail.com,developer
10557,Sharlene,Kendrick,Sharlene.Kendrick@somemail.com,Sharlene.Kendrick@anothermail.com,developer
10558,Dyann,Juan,Dyann.Juan@somemail.com,Dyann.Juan@anothermail.com,firefighter
10559,Melodie,Bendick,Melodie.Bendick@somemail.com,Melodie.Bendick@anothermail.com,doctor
10560,Corly,Camden,Corly.Camden@somemail.com,Corly.Camden@anothermail.com,doctor
10561,Hallie,Suk,Hallie.Suk@somemail.com,Hallie.Suk@anothermail.com,firefighter
10562,Jsandye,Alabaster,Jsandye.Alabaster@somemail.com,Jsandye.Alabaster@anothermail.com,worker
10563,Ninnetta,Shaver,Ninnetta.Shaver@somemail.com,Ninnetta.Shaver@anothermail.com,doctor
10564,Cyb,Raul,Cyb.Raul@somemail.com,Cyb.Raul@anothermail.com,firefighter
10565,Giustina,Bonilla,Giustina.Bonilla@somemail.com,Giustina.Bonilla@anothermail.com,doctor
10566,Aaren,Schwejda,Aaren.Schwejda@somemail.com,Aaren.Schwejda@anothermail.com,doctor
10567,Gilligan,Maurine,Gilligan.Maurine@somemail.com,Gilligan.Maurine@anothermail.com,police officer
10568,Korrie,Vastah,Korrie.Vastah@somemail.com,Korrie.Vastah@anothermail.com,firefighter
10569,Annice,Lorain,Annice.Lorain@somemail.com,Annice.Lorain@anothermail.com,doctor
10570,Gwenneth,Nikaniki,Gwenneth.Nikaniki@somemail.com,Gwenneth.Nikaniki@anothermail.com,doctor
10571,Morganica,Mitzi,Morganica.Mitzi@somemail.com,Morganica.Mitzi@anothermail.com,worker
10572,Vere,Velick,Vere.Velick@somemail.com,Vere.Velick@anothermail.com,police officer
10573,Renae,Baudin,Renae.Baudin@somemail.com,Renae.Baudin@anothermail.com,firefighter
10574,Margette,Muriel,Margette.Muriel@somemail.com,Margette.Muriel@anothermail.com,developer
10575,Blake,Bollay,Blake.Bollay@somemail.com,Blake.Bollay@anothermail.com,developer
10576,Tilly,Hashim,Tilly.Hashim@somemail.com,Tilly.Hashim@anothermail.com,police officer
10577,Shell,Iaverne,Shell.Iaverne@somemail.com,Shell.Iaverne@anothermail.com,doctor
10578,Randa,Tomasina,Randa.Tomasina@somemail.com,Randa.Tomasina@anothermail.com,firefighter
10579,Suzette,Byrne,Suzette.Byrne@somemail.com,Suzette.Byrne@anothermail.com,developer
10580,Barbara,Nea,Barbara.Nea@somemail.com,Barbara.Nea@anothermail.com,police officer
10581,Lolita,Denis,Lolita.Denis@somemail.com,Lolita.Denis@anothermail.com,firefighter
10582,Sissy,Wareing,Sissy.Wareing@somemail.com,Sissy.Wareing@anothermail.com,developer
10583,Esmeralda,Ivens,Esmeralda.Ivens@somemail.com,Esmeralda.Ivens@anothermail.com,police officer
10584,Binny,Dunkin,Binny.Dunkin@somemail.com,Binny.Dunkin@anothermail.com,worker
10585,Willetta,Prouty,Willetta.Prouty@somemail.com,Willetta.Prouty@anothermail.com,police officer
10586,Justinn,Maryanne,Justinn.Maryanne@somemail.com,Justinn.Maryanne@anothermail.com,police officer
10587,Judy,Fillbert,Judy.Fillbert@somemail.com,Judy.Fillbert@anothermail.com,developer
10588,Queenie,Creamer,Queenie.Creamer@somemail.com,Queenie.Creamer@anothermail.com,doctor
10589,Ariela,Barbey,Ariela.Barbey@somemail.com,Ariela.Barbey@anothermail.com,worker
10590,Consuela,Jacobah,Consuela.Jacobah@somemail.com,Consuela.Jacobah@anothermail.com,firefighter
10591,Dianemarie,Toffic,Dianemarie.Toffic@somemail.com,Dianemarie.Toffic@anothermail.com,police officer
10592,Lexine,Read,Lexine.Read@somemail.com,Lexine.Read@anothermail.com,firefighter
10593,Maisey,Jagir,Maisey.Jagir@somemail.com,Maisey.Jagir@anothermail.com,doctor
10594,Sashenka,Maxi,Sashenka.Maxi@somemail.com,Sashenka.Maxi@anothermail.com,worker
10595,Henriette,Lamoree,Henriette.Lamoree@somemail.com,Henriette.Lamoree@anothermail.com,doctor
10596,Selia,Stephie,Selia.Stephie@somemail.com,Selia.Stephie@anothermail.com,firefighter
10597,Anthia,Michella,Anthia.Michella@somemail.com,Anthia.Michella@anothermail.com,police officer
10598,Norine,Rosalba,Norine.Rosalba@somemail.com,Norine.Rosalba@anothermail.com,police officer
10599,Josephine,Brunell,Josephine.Brunell@somemail.com,Josephine.Brunell@anothermail.com,firefighter
10600,Fanchon,Tufts,Fanchon.Tufts@somemail.com,Fanchon.Tufts@anothermail.com,developer
10601,Mallory,Blisse,Mallory.Blisse@somemail.com,Mallory.Blisse@anothermail.com,firefighter
10602,Cyndie,Elbertina,Cyndie.Elbertina@somemail.com,Cyndie.Elbertina@anothermail.com,worker
10603,Arlena,Forrer,Arlena.Forrer@somemail.com,Arlena.Forrer@anothermail.com,worker
10604,Larine,Delila,Larine.Delila@somemail.com,Larine.Delila@anothermail.com,doctor
10605,Consuela,Kalinda,Consuela.Kalinda@somemail.com,Consuela.Kalinda@anothermail.com,doctor
10606,Gui,Cordi,Gui.Cordi@somemail.com,Gui.Cordi@anothermail.com,worker
10607,Dode,Miru,Dode.Miru@somemail.com,Dode.Miru@anothermail.com,firefighter
10608,Karena,Yerkovich,Karena.Yerkovich@somemail.com,Karena.Yerkovich@anothermail.com,doctor
10609,Valeda,Gladstone,Valeda.Gladstone@somemail.com,Valeda.Gladstone@anothermail.com,developer
10610,Wanda,Myrilla,Wanda.Myrilla@somemail.com,Wanda.Myrilla@anothermail.com,worker
10611,Kirbee,Nea,Kirbee.Nea@somemail.com,Kirbee.Nea@anothermail.com,firefighter
10612,Amelia,Zachary,Amelia.Zachary@somemail.com,Amelia.Zachary@anothermail.com,doctor
10613,Elena,Francyne,Elena.Francyne@somemail.com,Elena.Francyne@anothermail.com,firefighter
10614,Karly,Ajay,Karly.Ajay@somemail.com,Karly.Ajay@anothermail.com,doctor
10615,Glynnis,Fitzsimmons,Glynnis.Fitzsimmons@somemail.com,Glynnis.Fitzsimmons@anothermail.com,worker
10616,Elise,Pillsbury,Elise.Pillsbury@somemail.com,Elise.Pillsbury@anothermail.com,doctor
10617,Rochette,Malina,Rochette.Malina@somemail.com,Rochette.Malina@anothermail.com,worker
10618,Jemie,Edee,Jemie.Edee@somemail.com,Jemie.Edee@anothermail.com,worker
10619,Lanna,Dudley,Lanna.Dudley@somemail.com,Lanna.Dudley@anothermail.com,worker
10620,Tamqrah,Orelee,Tamqrah.Orelee@somemail.com,Tamqrah.Orelee@anothermail.com,firefighter
10621,Tani,Lubin,Tani.Lubin@somemail.com,Tani.Lubin@anothermail.com,police officer
10622,Aaren,Orelee,Aaren.Orelee@somemail.com,Aaren.Orelee@anothermail.com,police officer
10623,Phedra,Shuler,Phedra.Shuler@somemail.com,Phedra.Shuler@anothermail.com,firefighter
10624,Genovera,Azeria,Genovera.Azeria@somemail.com,Genovera.Azeria@anothermail.com,developer
10625,Zondra,Toffic,Zondra.Toffic@somemail.com,Zondra.Toffic@anothermail.com,developer
10626,Flo,Nester,Flo.Nester@somemail.com,Flo.Nester@anothermail.com,firefighter
10627,Elfreda,Matthew,Elfreda.Matthew@somemail.com,Elfreda.Matthew@anothermail.com,doctor
10628,Nicoli,Evvie,Nicoli.Evvie@somemail.com,Nicoli.Evvie@anothermail.com,firefighter
10629,Madalyn,Cottle,Madalyn.Cottle@somemail.com,Madalyn.Cottle@anothermail.com,doctor
10630,Laurene,Lissi,Laurene.Lissi@somemail.com,Laurene.Lissi@anothermail.com,worker
10631,Hermione,Toor,Hermione.Toor@somemail.com,Hermione.Toor@anothermail.com,police officer
10632,Janey,Emanuel,Janey.Emanuel@somemail.com,Janey.Emanuel@anothermail.com,police officer
10633,Drucie,Erich,Drucie.Erich@somemail.com,Drucie.Erich@anothermail.com,firefighter
10634,Gaylene,Euridice,Gaylene.Euridice@somemail.com,Gaylene.Euridice@anothermail.com,police officer
10635,Kathy,Stanwood,Kathy.Stanwood@somemail.com,Kathy.Stanwood@anothermail.com,worker
10636,Maridel,Morrill,Maridel.Morrill@somemail.com,Maridel.Morrill@anothermail.com,police officer
10637,Jobi,Kendrick,Jobi.Kendrick@somemail.com,Jobi.Kendrick@anothermail.com,firefighter
10638,Ursulina,Milde,Ursulina.Milde@somemail.com,Ursulina.Milde@anothermail.com,worker
10639,Katleen,Gabrielli,Katleen.Gabrielli@somemail.com,Katleen.Gabrielli@anothermail.com,police officer
10640,Tina,Chem,Tina.Chem@somemail.com,Tina.Chem@anothermail.com,firefighter
10641,Farrah,Giule,Farrah.Giule@somemail.com,Farrah.Giule@anothermail.com,doctor
10642,Maridel,Donell,Maridel.Donell@somemail.com,Maridel.Donell@anothermail.com,worker
10643,Bobbi,Sperling,Bobbi.Sperling@somemail.com,Bobbi.Sperling@anothermail.com,developer
10644,Atlanta,Billye,Atlanta.Billye@somemail.com,Atlanta.Billye@anothermail.com,doctor
10645,Rosabelle,Wenda,Rosabelle.Wenda@somemail.com,Rosabelle.Wenda@anothermail.com,doctor
10646,Raf,Kat,Raf.Kat@somemail.com,Raf.Kat@anothermail.com,police officer
10647,Jenda,Merriott,Jenda.Merriott@somemail.com,Jenda.Merriott@anothermail.com,police officer
10648,Alameda,Leopold,Alameda.Leopold@somemail.com,Alameda.Leopold@anothermail.com,developer
10649,Melodie,Trace,Melodie.Trace@somemail.com,Melodie.Trace@anothermail.com,worker
10650,Ilse,Raffo,Ilse.Raffo@somemail.com,Ilse.Raffo@anothermail.com,doctor
10651,Sidoney,Fontana,Sidoney.Fontana@somemail.com,Sidoney.Fontana@anothermail.com,worker
10652,Zia,Haerr,Zia.Haerr@somemail.com,Zia.Haerr@anothermail.com,worker
10653,Cherilyn,Douglass,Cherilyn.Douglass@somemail.com,Cherilyn.Douglass@anothermail.com,developer
10654,Clementine,Tjon,Clementine.Tjon@somemail.com,Clementine.Tjon@anothermail.com,doctor
10655,Christy,Pauly,Christy.Pauly@somemail.com,Christy.Pauly@anothermail.com,developer
10656,Aigneis,Payson,Aigneis.Payson@somemail.com,Aigneis.Payson@anothermail.com,firefighter
10657,Elbertina,Harl,Elbertina.Harl@somemail.com,Elbertina.Harl@anothermail.com,developer
10658,Devina,Stover,Devina.Stover@somemail.com,Devina.Stover@anothermail.com,developer
10659,Imojean,Lattie,Imojean.Lattie@somemail.com,Imojean.Lattie@anothermail.com,worker
10660,Dorothy,Caitlin,Dorothy.Caitlin@somemail.com,Dorothy.Caitlin@anothermail.com,worker
10661,Amii,Nickola,Amii.Nickola@somemail.com,Amii.Nickola@anothermail.com,worker
10662,Kathi,Juliet,Kathi.Juliet@somemail.com,Kathi.Juliet@anothermail.com,developer
10663,Hope,Billye,Hope.Billye@somemail.com,Hope.Billye@anothermail.com,worker
10664,Kellen,Jalbert,Kellen.Jalbert@somemail.com,Kellen.Jalbert@anothermail.com,developer
10665,Aurore,Maxi,Aurore.Maxi@somemail.com,Aurore.Maxi@anothermail.com,doctor
10666,Alejandra,Kenney,Alejandra.Kenney@somemail.com,Alejandra.Kenney@anothermail.com,developer
10667,Gusty,Chrystel,Gusty.Chrystel@somemail.com,Gusty.Chrystel@anothermail.com,firefighter
10668,Konstance,Dominy,Konstance.Dominy@somemail.com,Konstance.Dominy@anothermail.com,police officer
10669,Paola,Ledah,Paola.Ledah@somemail.com,Paola.Ledah@anothermail.com,firefighter
10670,Vita,Maurine,Vita.Maurine@somemail.com,Vita.Maurine@anothermail.com,developer
10671,Cristine,Greyson,Cristine.Greyson@somemail.com,Cristine.Greyson@anothermail.com,worker
10672,Ketti,Stefa,Ketti.Stefa@somemail.com,Ketti.Stefa@anothermail.com,police officer
10673,Amalie,Stav,Amalie.Stav@somemail.com,Amalie.Stav@anothermail.com,developer
10674,Neila,Roarke,Neila.Roarke@somemail.com,Neila.Roarke@anothermail.com,developer
10675,Danny,Milson,Danny.Milson@somemail.com,Danny.Milson@anothermail.com,doctor
10676,Cherilyn,Meter,Cherilyn.Meter@somemail.com,Cherilyn.Meter@anothermail.com,worker
10677,Magdalena,Breed,Magdalena.Breed@somemail.com,Magdalena.Breed@anothermail.com,developer
10678,Elyssa,Seligman,Elyssa.Seligman@somemail.com,Elyssa.Seligman@anothermail.com,worker
10679,Natka,Tufts,Natka.Tufts@somemail.com,Natka.Tufts@anothermail.com,police officer
10680,Rori,Holtz,Rori.Holtz@somemail.com,Rori.Holtz@anothermail.com,firefighter
10681,Frank,Tyson,Frank.Tyson@somemail.com,Frank.Tyson@anothermail.com,worker
10682,Deane,Macey,Deane.Macey@somemail.com,Deane.Macey@anothermail.com,developer
10683,Elora,Nance,Elora.Nance@somemail.com,Elora.Nance@anothermail.com,worker
10684,Ira,Emmaline,Ira.Emmaline@somemail.com,Ira.Emmaline@anothermail.com,police officer
10685,Amara,Lorenz,Amara.Lorenz@somemail.com,Amara.Lorenz@anothermail.com,developer
10686,Cyb,Tayib,Cyb.Tayib@somemail.com,Cyb.Tayib@anothermail.com,police officer
10687,Ginnie,Jethro,Ginnie.Jethro@somemail.com,Ginnie.Jethro@anothermail.com,firefighter
10688,Maridel,Arvo,Maridel.Arvo@somemail.com,Maridel.Arvo@anothermail.com,doctor
10689,Vevay,Esmaria,Vevay.Esmaria@somemail.com,Vevay.Esmaria@anothermail.com,police officer
10690,Paola,Khorma,Paola.Khorma@somemail.com,Paola.Khorma@anothermail.com,police officer
10691,Benita,Abernon,Benita.Abernon@somemail.com,Benita.Abernon@anothermail.com,firefighter
10692,Janeczka,Rustice,Janeczka.Rustice@somemail.com,Janeczka.Rustice@anothermail.com,worker
10693,Marleah,Ventre,Marleah.Ventre@somemail.com,Marleah.Ventre@anothermail.com,police officer
10694,Liana,Burch,Liana.Burch@somemail.com,Liana.Burch@anothermail.com,worker
10695,Lauryn,Ethban,Lauryn.Ethban@somemail.com,Lauryn.Ethban@anothermail.com,doctor
10696,Glynnis,Garlinda,Glynnis.Garlinda@somemail.com,Glynnis.Garlinda@anothermail.com,developer
10697,Tina,Noam,Tina.Noam@somemail.com,Tina.Noam@anothermail.com,police officer
10698,Damaris,Kress,Damaris.Kress@somemail.com,Damaris.Kress@anothermail.com,police officer
10699,Jessy,Primalia,Jessy.Primalia@somemail.com,Jessy.Primalia@anothermail.com,doctor
10700,Carol-Jean,Judye,Carol-Jean.Judye@somemail.com,Carol-Jean.Judye@anothermail.com,police officer
10701,Gavrielle,Mozelle,Gavrielle.Mozelle@somemail.com,Gavrielle.Mozelle@anothermail.com,firefighter
10702,Marleah,Rustice,Marleah.Rustice@somemail.com,Marleah.Rustice@anothermail.com,doctor
10703,Halette,Bergman,Halette.Bergman@somemail.com,Halette.Bergman@anothermail.com,doctor
10704,Elise,Hull,Elise.Hull@somemail.com,Elise.Hull@anothermail.com,worker
10705,Iseabal,Jotham,Iseabal.Jotham@somemail.com,Iseabal.Jotham@anothermail.com,doctor
10706,Cristabel,Louanna,Cristabel.Louanna@somemail.com,Cristabel.Louanna@anothermail.com,developer
10707,Joceline,Cecile,Joceline.Cecile@somemail.com,Joceline.Cecile@anothermail.com,firefighter
10708,Ricky,Land,Ricky.Land@somemail.com,Ricky.Land@anothermail.com,police officer
10709,Mignon,Morrill,Mignon.Morrill@somemail.com,Mignon.Morrill@anothermail.com,doctor
10710,Fred,Kussell,Fred.Kussell@somemail.com,Fred.Kussell@anothermail.com,doctor
10711,Valli,Armanda,Valli.Armanda@somemail.com,Valli.Armanda@anothermail.com,firefighter
10712,Jeanna,MacIntosh,Jeanna.MacIntosh@somemail.com,Jeanna.MacIntosh@anothermail.com,doctor
10713,Blinni,Maisey,Blinni.Maisey@somemail.com,Blinni.Maisey@anothermail.com,doctor
10714,Nataline,Clywd,Nataline.Clywd@somemail.com,Nataline.Clywd@anothermail.com,police officer
10715,Millie,Presber,Millie.Presber@somemail.com,Millie.Presber@anothermail.com,worker
10716,Clementine,Chem,Clementine.Chem@somemail.com,Clementine.Chem@anothermail.com,police officer
10717,Paulita,Blase,Paulita.Blase@somemail.com,Paulita.Blase@anothermail.com,firefighter
10718,Vonny,Dahlia,Vonny.Dahlia@somemail.com,Vonny.Dahlia@anothermail.com,doctor
10719,Catharine,Margret,Catharine.Margret@somemail.com,Catharine.Margret@anothermail.com,developer
10720,Katleen,Argus,Katleen.Argus@somemail.com,Katleen.Argus@anothermail.com,developer
10721,Lory,Lalitta,Lory.Lalitta@somemail.com,Lory.Lalitta@anothermail.com,worker
10722,Eadie,Caitlin,Eadie.Caitlin@somemail.com,Eadie.Caitlin@anothermail.com,police officer
10723,Christian,Mallon,Christian.Mallon@somemail.com,Christian.Mallon@anothermail.com,developer
10724,Harmonia,Marcellus,Harmonia.Marcellus@somemail.com,Harmonia.Marcellus@anothermail.com,doctor
10725,Queenie,Burkle,Queenie.Burkle@somemail.com,Queenie.Burkle@anothermail.com,doctor
10726,Elka,Vivle,Elka.Vivle@somemail.com,Elka.Vivle@anothermail.com,worker
10727,Sherrie,Eno,Sherrie.Eno@somemail.com,Sherrie.Eno@anothermail.com,firefighter
10728,Monika,Wesle,Monika.Wesle@somemail.com,Monika.Wesle@anothermail.com,doctor
10729,Keelia,Alejoa,Keelia.Alejoa@somemail.com,Keelia.Alejoa@anothermail.com,police officer
10730,Viki,Dom,Viki.Dom@somemail.com,Viki.Dom@anothermail.com,firefighter
10731,Regina,Poll,Regina.Poll@somemail.com,Regina.Poll@anothermail.com,doctor
10732,Quintina,Hylan,Quintina.Hylan@somemail.com,Quintina.Hylan@anothermail.com,firefighter
10733,Michaelina,Telfer,Michaelina.Telfer@somemail.com,Michaelina.Telfer@anothermail.com,doctor
10734,Natka,Pauly,Natka.Pauly@somemail.com,Natka.Pauly@anothermail.com,doctor
10735,Donnie,Sekofski,Donnie.Sekofski@somemail.com,Donnie.Sekofski@anothermail.com,firefighter
10736,Dagmar,Pauly,Dagmar.Pauly@somemail.com,Dagmar.Pauly@anothermail.com,firefighter
10737,Fidelia,Ricki,Fidelia.Ricki@somemail.com,Fidelia.Ricki@anothermail.com,firefighter
10738,Mildrid,Kannry,Mildrid.Kannry@somemail.com,Mildrid.Kannry@anothermail.com,police officer
10739,Minda,Malina,Minda.Malina@somemail.com,Minda.Malina@anothermail.com,doctor
10740,Krystle,Simmonds,Krystle.Simmonds@somemail.com,Krystle.Simmonds@anothermail.com,firefighter
10741,Krystle,Vins,Krystle.Vins@somemail.com,Krystle.Vins@anothermail.com,police officer
10742,Ilse,Bethany,Ilse.Bethany@somemail.com,Ilse.Bethany@anothermail.com,police officer
10743,Annice,Girardo,Annice.Girardo@somemail.com,Annice.Girardo@anothermail.com,firefighter
10744,Talya,Astra,Talya.Astra@somemail.com,Talya.Astra@anothermail.com,firefighter
10745,Teriann,Nedrud,Teriann.Nedrud@somemail.com,Teriann.Nedrud@anothermail.com,firefighter
10746,Averyl,Amasa,Averyl.Amasa@somemail.com,Averyl.Amasa@anothermail.com,worker
10747,Diena,Iphlgenia,Diena.Iphlgenia@somemail.com,Diena.Iphlgenia@anothermail.com,firefighter
10748,Merle,Ackerley,Merle.Ackerley@somemail.com,Merle.Ackerley@anothermail.com,police officer
10749,Flo,Jary,Flo.Jary@somemail.com,Flo.Jary@anothermail.com,firefighter
10750,Alyda,Diann,Alyda.Diann@somemail.com,Alyda.Diann@anothermail.com,developer
10751,Gusella,Cordi,Gusella.Cordi@somemail.com,Gusella.Cordi@anothermail.com,firefighter
10752,Morganica,Hubert,Morganica.Hubert@somemail.com,Morganica.Hubert@anothermail.com,police officer
10753,Amalie,Eben,Amalie.Eben@somemail.com,Amalie.Eben@anothermail.com,firefighter
10754,Bernardine,Dex,Bernardine.Dex@somemail.com,Bernardine.Dex@anothermail.com,developer
10755,Wanda,Ilka,Wanda.Ilka@somemail.com,Wanda.Ilka@anothermail.com,firefighter
10756,Emelina,Sinegold,Emelina.Sinegold@somemail.com,Emelina.Sinegold@anothermail.com,police officer
10757,Valeda,Gaynor,Valeda.Gaynor@somemail.com,Valeda.Gaynor@anothermail.com,worker
10758,Gertrud,Tristram,Gertrud.Tristram@somemail.com,Gertrud.Tristram@anothermail.com,doctor
10759,Angela,Saree,Angela.Saree@somemail.com,Angela.Saree@anothermail.com,doctor
10760,Marleah,Stelle,Marleah.Stelle@somemail.com,Marleah.Stelle@anothermail.com,developer
10761,Willetta,Oneida,Willetta.Oneida@somemail.com,Willetta.Oneida@anothermail.com,doctor
10762,Amelia,Kylander,Amelia.Kylander@somemail.com,Amelia.Kylander@anothermail.com,police officer
10763,Merci,Behre,Merci.Behre@somemail.com,Merci.Behre@anothermail.com,developer
10764,Ketti,Bates,Ketti.Bates@somemail.com,Ketti.Bates@anothermail.com,firefighter
10765,Alexine,Sheng,Alexine.Sheng@somemail.com,Alexine.Sheng@anothermail.com,worker
10766,Yetty,Marisa,Yetty.Marisa@somemail.com,Yetty.Marisa@anothermail.com,developer
10767,Meg,Bartlett,Meg.Bartlett@somemail.com,Meg.Bartlett@anothermail.com,firefighter
10768,Minda,Harday,Minda.Harday@somemail.com,Minda.Harday@anothermail.com,police officer
10769,Cristine,Percy,Cristine.Percy@somemail.com,Cristine.Percy@anothermail.com,doctor
10770,Gretal,Lia,Gretal.Lia@somemail.com,Gretal.Lia@anothermail.com,worker
10771,Ericka,Noelyn,Ericka.Noelyn@somemail.com,Ericka.Noelyn@anothermail.com,firefighter
10772,Petronia,Aprile,Petronia.Aprile@somemail.com,Petronia.Aprile@anothermail.com,firefighter
10773,Ezmeralda,Nelsen,Ezmeralda.Nelsen@somemail.com,Ezmeralda.Nelsen@anothermail.com,worker
10774,Arlina,Newell,Arlina.Newell@somemail.com,Arlina.Newell@anothermail.com,developer
10775,Marita,Virgin,Marita.Virgin@somemail.com,Marita.Virgin@anothermail.com,police officer
10776,Lily,Tarrant,Lily.Tarrant@somemail.com,Lily.Tarrant@anothermail.com,developer
10777,Viki,Saree,Viki.Saree@somemail.com,Viki.Saree@anothermail.com,doctor
10778,Clary,Romelda,Clary.Romelda@somemail.com,Clary.Romelda@anothermail.com,doctor
10779,Max,Tillford,Max.Tillford@somemail.com,Max.Tillford@anothermail.com,worker
10780,Shandie,Gamaliel,Shandie.Gamaliel@somemail.com,Shandie.Gamaliel@anothermail.com,doctor
10781,Ruthe,Ochs,Ruthe.Ochs@somemail.com,Ruthe.Ochs@anothermail.com,developer
10782,Stacey,Shanley,Stacey.Shanley@somemail.com,Stacey.Shanley@anothermail.com,worker
10783,Heida,Gerge,Heida.Gerge@somemail.com,Heida.Gerge@anothermail.com,doctor
10784,Kimmy,Stevy,Kimmy.Stevy@somemail.com,Kimmy.Stevy@anothermail.com,developer
10785,Madeleine,Lauraine,Madeleine.Lauraine@somemail.com,Madeleine.Lauraine@anothermail.com,police officer
10786,Corina,Alejoa,Corina.Alejoa@somemail.com,Corina.Alejoa@anothermail.com,police officer
10787,Adriana,Chick,Adriana.Chick@somemail.com,Adriana.Chick@anothermail.com,doctor
10788,Lexine,Stuart,Lexine.Stuart@somemail.com,Lexine.Stuart@anothermail.com,developer
10789,Betta,Tatianas,Betta.Tatianas@somemail.com,Betta.Tatianas@anothermail.com,police officer
10790,Nannie,Sibyls,Nannie.Sibyls@somemail.com,Nannie.Sibyls@anothermail.com,firefighter
10791,Perry,Tristram,Perry.Tristram@somemail.com,Perry.Tristram@anothermail.com,doctor
10792,Averyl,Sprage,Averyl.Sprage@somemail.com,Averyl.Sprage@anothermail.com,developer
10793,Gusty,Halsey,Gusty.Halsey@somemail.com,Gusty.Halsey@anothermail.com,firefighter
10794,Sonni,Ehrman,Sonni.Ehrman@somemail.com,Sonni.Ehrman@anothermail.com,developer
10795,Asia,Gaal,Asia.Gaal@somemail.com,Asia.Gaal@anothermail.com,doctor
10796,Valli,Cosenza,Valli.Cosenza@somemail.com,Valli.Cosenza@anothermail.com,worker
10797,Laure,Couture,Laure.Couture@somemail.com,Laure.Couture@anothermail.com,developer
10798,Cyb,Louanna,Cyb.Louanna@somemail.com,Cyb.Louanna@anothermail.com,developer
10799,Deane,Brady,Deane.Brady@somemail.com,Deane.Brady@anothermail.com,developer
10800,Gertrud,Zitvaa,Gertrud.Zitvaa@somemail.com,Gertrud.Zitvaa@anothermail.com,developer
10801,Lynde,Alabaster,Lynde.Alabaster@somemail.com,Lynde.Alabaster@anothermail.com,developer
10802,Codie,Dex,Codie.Dex@somemail.com,Codie.Dex@anothermail.com,firefighter
10803,Devina,Sasnett,Devina.Sasnett@somemail.com,Devina.Sasnett@anothermail.com,firefighter
10804,Ardys,Calhoun,Ardys.Calhoun@somemail.com,Ardys.Calhoun@anothermail.com,doctor
10805,Hollie,Westphal,Hollie.Westphal@somemail.com,Hollie.Westphal@anothermail.com,worker
10806,Mignon,Nore,Mignon.Nore@somemail.com,Mignon.Nore@anothermail.com,firefighter
10807,Jaime,Croix,Jaime.Croix@somemail.com,Jaime.Croix@anothermail.com,developer
10808,Tersina,Allys,Tersina.Allys@somemail.com,Tersina.Allys@anothermail.com,worker
10809,Justinn,Cristi,Justinn.Cristi@somemail.com,Justinn.Cristi@anothermail.com,firefighter
10810,Merrie,Alice,Merrie.Alice@somemail.com,Merrie.Alice@anothermail.com,developer
10811,Madelle,Lucienne,Madelle.Lucienne@somemail.com,Madelle.Lucienne@anothermail.com,police officer
10812,Minda,Oster,Minda.Oster@somemail.com,Minda.Oster@anothermail.com,doctor
10813,Dione,Ariella,Dione.Ariella@somemail.com,Dione.Ariella@anothermail.com,worker
10814,Judy,Deny,Judy.Deny@somemail.com,Judy.Deny@anothermail.com,firefighter
10815,Aeriela,Clarissa,Aeriela.Clarissa@somemail.com,Aeriela.Clarissa@anothermail.com,police officer
10816,Tierney,Haldas,Tierney.Haldas@somemail.com,Tierney.Haldas@anothermail.com,worker
10817,Judy,Fredi,Judy.Fredi@somemail.com,Judy.Fredi@anothermail.com,firefighter
10818,Magdalena,Cressida,Magdalena.Cressida@somemail.com,Magdalena.Cressida@anothermail.com,developer
10819,Laure,Faro,Laure.Faro@somemail.com,Laure.Faro@anothermail.com,worker
10820,Kellen,Rosette,Kellen.Rosette@somemail.com,Kellen.Rosette@anothermail.com,firefighter
10821,Ada,Dermott,Ada.Dermott@somemail.com,Ada.Dermott@anothermail.com,developer
10822,Rosaline,Autrey,Rosaline.Autrey@somemail.com,Rosaline.Autrey@anothermail.com,developer
10823,Gui,Barrus,Gui.Barrus@somemail.com,Gui.Barrus@anothermail.com,worker
10824,Tamqrah,Grobe,Tamqrah.Grobe@somemail.com,Tamqrah.Grobe@anothermail.com,firefighter
10825,Barbara,Selway,Barbara.Selway@somemail.com,Barbara.Selway@anothermail.com,developer
10826,Aeriela,Martsen,Aeriela.Martsen@somemail.com,Aeriela.Martsen@anothermail.com,developer
10827,Minne,Shaddock,Minne.Shaddock@somemail.com,Minne.Shaddock@anothermail.com,doctor
10828,Barbi,Francyne,Barbi.Francyne@somemail.com,Barbi.Francyne@anothermail.com,worker
10829,Jessy,Cherianne,Jessy.Cherianne@somemail.com,Jessy.Cherianne@anothermail.com,worker
10830,Lanae,Roarke,Lanae.Roarke@somemail.com,Lanae.Roarke@anothermail.com,worker
10831,Lory,Grimbly,Lory.Grimbly@somemail.com,Lory.Grimbly@anothermail.com,police officer
10832,Rosabelle,Infield,Rosabelle.Infield@somemail.com,Rosabelle.Infield@anothermail.com,developer
10833,Kamilah,Goth,Kamilah.Goth@somemail.com,Kamilah.Goth@anothermail.com,doctor
10834,Daphne,Krystle,Daphne.Krystle@somemail.com,Daphne.Krystle@anothermail.com,developer
10835,Kate,Daegal,Kate.Daegal@somemail.com,Kate.Daegal@anothermail.com,firefighter
10836,Gavrielle,Koziara,Gavrielle.Koziara@somemail.com,Gavrielle.Koziara@anothermail.com,firefighter
10837,Ermengarde,Florina,Ermengarde.Florina@somemail.com,Ermengarde.Florina@anothermail.com,doctor
10838,Aurore,Standing,Aurore.Standing@somemail.com,Aurore.Standing@anothermail.com,doctor
10839,Kittie,Martsen,Kittie.Martsen@somemail.com,Kittie.Martsen@anothermail.com,police officer
10840,Linet,Georas,Linet.Georas@somemail.com,Linet.Georas@anothermail.com,developer
10841,Daryl,Gaspard,Daryl.Gaspard@somemail.com,Daryl.Gaspard@anothermail.com,doctor
10842,Jessamyn,Peonir,Jessamyn.Peonir@somemail.com,Jessamyn.Peonir@anothermail.com,worker
10843,Morganica,Sabella,Morganica.Sabella@somemail.com,Morganica.Sabella@anothermail.com,developer
10844,Olwen,Socha,Olwen.Socha@somemail.com,Olwen.Socha@anothermail.com,developer
10845,Belinda,Zina,Belinda.Zina@somemail.com,Belinda.Zina@anothermail.com,developer
10846,Oralee,Bluh,Oralee.Bluh@somemail.com,Oralee.Bluh@anothermail.com,worker
10847,Charlena,Masao,Charlena.Masao@somemail.com,Charlena.Masao@anothermail.com,police officer
10848,Kittie,Durante,Kittie.Durante@somemail.com,Kittie.Durante@anothermail.com,worker
10849,Arlena,Rolf,Arlena.Rolf@somemail.com,Arlena.Rolf@anothermail.com,worker
10850,Emylee,Anselmi,Emylee.Anselmi@somemail.com,Emylee.Anselmi@anothermail.com,police officer
10851,Gwenneth,Fontana,Gwenneth.Fontana@somemail.com,Gwenneth.Fontana@anothermail.com,worker
10852,Clementine,Sawtelle,Clementine.Sawtelle@somemail.com,Clementine.Sawtelle@anothermail.com,firefighter
10853,Edyth,Mullane,Edyth.Mullane@somemail.com,Edyth.Mullane@anothermail.com,police officer
10854,Dorice,Swigart,Dorice.Swigart@somemail.com,Dorice.Swigart@anothermail.com,police officer
10855,Paulita,Stacy,Paulita.Stacy@somemail.com,Paulita.Stacy@anothermail.com,firefighter
10856,Gaylene,Nicoline,Gaylene.Nicoline@somemail.com,Gaylene.Nicoline@anothermail.com,firefighter
10857,Joleen,Ashely,Joleen.Ashely@somemail.com,Joleen.Ashely@anothermail.com,doctor
10858,Pearline,Lynn,Pearline.Lynn@somemail.com,Pearline.Lynn@anothermail.com,doctor
10859,Ofilia,Esmaria,Ofilia.Esmaria@somemail.com,Ofilia.Esmaria@anothermail.com,police officer
10860,Cherrita,Tannie,Cherrita.Tannie@somemail.com,Cherrita.Tannie@anothermail.com,worker
10861,Doralynne,Stephie,Doralynne.Stephie@somemail.com,Doralynne.Stephie@anothermail.com,developer
10862,Jaclyn,Viddah,Jaclyn.Viddah@somemail.com,Jaclyn.Viddah@anothermail.com,developer
10863,Blondelle,Lail,Blondelle.Lail@somemail.com,Blondelle.Lail@anothermail.com,firefighter
10864,Gabriellia,Sigfrid,Gabriellia.Sigfrid@somemail.com,Gabriellia.Sigfrid@anothermail.com,police officer
10865,Tressa,Hull,Tressa.Hull@somemail.com,Tressa.Hull@anothermail.com,firefighter
10866,Lynea,Garek,Lynea.Garek@somemail.com,Lynea.Garek@anothermail.com,worker
10867,Darlleen,Zina,Darlleen.Zina@somemail.com,Darlleen.Zina@anothermail.com,worker
10868,Kalina,Jotham,Kalina.Jotham@somemail.com,Kalina.Jotham@anothermail.com,doctor
10869,Beth,Sadowski,Beth.Sadowski@somemail.com,Beth.Sadowski@anothermail.com,worker
10870,Ileana,Kylander,Ileana.Kylander@somemail.com,Ileana.Kylander@anothermail.com,developer
10871,Orelia,Keily,Orelia.Keily@somemail.com,Orelia.Keily@anothermail.com,police officer
10872,Candy,Ellord,Candy.Ellord@somemail.com,Candy.Ellord@anothermail.com,developer
10873,Ethel,Daveta,Ethel.Daveta@somemail.com,Ethel.Daveta@anothermail.com,doctor
10874,Tobe,Jacqui,Tobe.Jacqui@somemail.com,Tobe.Jacqui@anothermail.com,doctor
10875,Kore,Behre,Kore.Behre@somemail.com,Kore.Behre@anothermail.com,worker
10876,Almeta,McLaughlin,Almeta.McLaughlin@somemail.com,Almeta.McLaughlin@anothermail.com,police officer
10877,Henriette,Darbie,Henriette.Darbie@somemail.com,Henriette.Darbie@anothermail.com,worker
10878,Evaleen,Timon,Evaleen.Timon@somemail.com,Evaleen.Timon@anothermail.com,worker
10879,Kore,Sigfrid,Kore.Sigfrid@somemail.com,Kore.Sigfrid@anothermail.com,worker
10880,Laurene,Letsou,Laurene.Letsou@somemail.com,Laurene.Letsou@anothermail.com,doctor
10881,Judy,Naor,Judy.Naor@somemail.com,Judy.Naor@anothermail.com,firefighter
10882,Sidoney,Buttaro,Sidoney.Buttaro@somemail.com,Sidoney.Buttaro@anothermail.com,police officer
10883,Elvira,Moseley,Elvira.Moseley@somemail.com,Elvira.Moseley@anothermail.com,worker
10884,Blondelle,Fitzsimmons,Blondelle.Fitzsimmons@somemail.com,Blondelle.Fitzsimmons@anothermail.com,worker
10885,Karolina,Forrer,Karolina.Forrer@somemail.com,Karolina.Forrer@anothermail.com,firefighter
10886,Marline,Gilbertson,Marline.Gilbertson@somemail.com,Marline.Gilbertson@anothermail.com,developer
10887,Sean,Markman,Sean.Markman@somemail.com,Sean.Markman@anothermail.com,firefighter
10888,Priscilla,Sisile,Priscilla.Sisile@somemail.com,Priscilla.Sisile@anothermail.com,firefighter
10889,Bibby,Darbie,Bibby.Darbie@somemail.com,Bibby.Darbie@anothermail.com,firefighter
10890,Elfreda,Laurianne,Elfreda.Laurianne@somemail.com,Elfreda.Laurianne@anothermail.com,doctor
10891,Alameda,Zamora,Alameda.Zamora@somemail.com,Alameda.Zamora@anothermail.com,doctor
10892,Lila,Alejoa,Lila.Alejoa@somemail.com,Lila.Alejoa@anothermail.com,doctor
10893,Liana,Turne,Liana.Turne@somemail.com,Liana.Turne@anothermail.com,developer
10894,Carly,Albertine,Carly.Albertine@somemail.com,Carly.Albertine@anothermail.com,developer
10895,Sophia,Devlen,Sophia.Devlen@somemail.com,Sophia.Devlen@anothermail.com,developer
10896,Tonia,Engdahl,Tonia.Engdahl@somemail.com,Tonia.Engdahl@anothermail.com,police officer
10897,Arlina,Roscoe,Arlina.Roscoe@somemail.com,Arlina.Roscoe@anothermail.com,worker
10898,Sallie,Skell,Sallie.Skell@somemail.com,Sallie.Skell@anothermail.com,worker
10899,Cecile,Sekofski,Cecile.Sekofski@somemail.com,Cecile.Sekofski@anothermail.com,firefighter
10900,Isa,Rona,Isa.Rona@somemail.com,Isa.Rona@anothermail.com,firefighter
10901,Nannie,Sancho,Nannie.Sancho@somemail.com,Nannie.Sancho@anothermail.com,police officer
10902,Orelia,Buttaro,Orelia.Buttaro@somemail.com,Orelia.Buttaro@anothermail.com,worker
10903,Delilah,Thar,Delilah.Thar@somemail.com,Delilah.Thar@anothermail.com,police officer
10904,Millie,Solitta,Millie.Solitta@somemail.com,Millie.Solitta@anothermail.com,firefighter
10905,Linet,Annice,Linet.Annice@somemail.com,Linet.Annice@anothermail.com,doctor
10906,Tarra,Cecile,Tarra.Cecile@somemail.com,Tarra.Cecile@anothermail.com,worker
10907,Modestia,Libna,Modestia.Libna@somemail.com,Modestia.Libna@anothermail.com,doctor
10908,Claudina,Toor,Claudina.Toor@somemail.com,Claudina.Toor@anothermail.com,worker
10909,Ronna,Kravits,Ronna.Kravits@somemail.com,Ronna.Kravits@anothermail.com,developer
10910,Meriel,Hazlett,Meriel.Hazlett@somemail.com,Meriel.Hazlett@anothermail.com,worker
10911,Theodora,Quinn,Theodora.Quinn@somemail.com,Theodora.Quinn@anothermail.com,developer
10912,Nicoli,Mauer,Nicoli.Mauer@somemail.com,Nicoli.Mauer@anothermail.com,worker
10913,Britte,Kiyoshi,Britte.Kiyoshi@somemail.com,Britte.Kiyoshi@anothermail.com,worker
10914,Marti,Strephon,Marti.Strephon@somemail.com,Marti.Strephon@anothermail.com,firefighter
10915,Leanna,Cynar,Leanna.Cynar@somemail.com,Leanna.Cynar@anothermail.com,worker
10916,Ada,Doig,Ada.Doig@somemail.com,Ada.Doig@anothermail.com,developer
10917,Margarette,Iaverne,Margarette.Iaverne@somemail.com,Margarette.Iaverne@anothermail.com,firefighter
10918,Brietta,Adalbert,Brietta.Adalbert@somemail.com,Brietta.Adalbert@anothermail.com,worker
10919,Rani,Pattin,Rani.Pattin@somemail.com,Rani.Pattin@anothermail.com,doctor
10920,Jinny,Maryanne,Jinny.Maryanne@somemail.com,Jinny.Maryanne@anothermail.com,worker
10921,Chloris,Othilia,Chloris.Othilia@somemail.com,Chloris.Othilia@anothermail.com,firefighter
10922,Rani,Mike,Rani.Mike@somemail.com,Rani.Mike@anothermail.com,doctor
10923,Cacilie,Zetta,Cacilie.Zetta@somemail.com,Cacilie.Zetta@anothermail.com,firefighter
10924,Marnia,Kevon,Marnia.Kevon@somemail.com,Marnia.Kevon@anothermail.com,developer
10925,Adelle,Tippets,Adelle.Tippets@somemail.com,Adelle.Tippets@anothermail.com,worker
10926,Roslyn,Margarete,Roslyn.Margarete@somemail.com,Roslyn.Margarete@anothermail.com,developer
10927,Dominga,Joseph,Dominga.Joseph@somemail.com,Dominga.Joseph@anothermail.com,firefighter
10928,Sonni,Kronfeld,Sonni.Kronfeld@somemail.com,Sonni.Kronfeld@anothermail.com,doctor
10929,Di,Tound,Di.Tound@somemail.com,Di.Tound@anothermail.com,worker
10930,Orsola,Hutchison,Orsola.Hutchison@somemail.com,Orsola.Hutchison@anothermail.com,police officer
10931,Katharina,Wooster,Katharina.Wooster@somemail.com,Katharina.Wooster@anothermail.com,developer
10932,Linzy,Cleo,Linzy.Cleo@somemail.com,Linzy.Cleo@anothermail.com,worker
10933,Ardys,Sophronia,Ardys.Sophronia@somemail.com,Ardys.Sophronia@anothermail.com,police officer
10934,Meghann,Cutlerr,Meghann.Cutlerr@somemail.com,Meghann.Cutlerr@anothermail.com,police officer
10935,Mary,Gusella,Mary.Gusella@somemail.com,Mary.Gusella@anothermail.com,firefighter
10936,Cassondra,Cherianne,Cassondra.Cherianne@somemail.com,Cassondra.Cherianne@anothermail.com,firefighter
10937,Keelia,Kellby,Keelia.Kellby@somemail.com,Keelia.Kellby@anothermail.com,doctor
10938,Kerrin,Rad,Kerrin.Rad@somemail.com,Kerrin.Rad@anothermail.com,doctor
10939,Clo,Dorothy,Clo.Dorothy@somemail.com,Clo.Dorothy@anothermail.com,police officer
10940,Cathie,Socha,Cathie.Socha@somemail.com,Cathie.Socha@anothermail.com,developer
10941,Julieta,Raul,Julieta.Raul@somemail.com,Julieta.Raul@anothermail.com,police officer
10942,Louella,Toor,Louella.Toor@somemail.com,Louella.Toor@anothermail.com,worker
10943,Kerrin,Bluh,Kerrin.Bluh@somemail.com,Kerrin.Bluh@anothermail.com,worker
10944,Rosaline,Roarke,Rosaline.Roarke@somemail.com,Rosaline.Roarke@anothermail.com,police officer
10945,Nicoli,Frendel,Nicoli.Frendel@somemail.com,Nicoli.Frendel@anothermail.com,police officer
10946,Imojean,Shelba,Imojean.Shelba@somemail.com,Imojean.Shelba@anothermail.com,doctor
10947,Eolanda,Rolf,Eolanda.Rolf@somemail.com,Eolanda.Rolf@anothermail.com,developer
10948,Cyndie,Haerr,Cyndie.Haerr@somemail.com,Cyndie.Haerr@anothermail.com,developer
10949,Sharai,Karl,Sharai.Karl@somemail.com,Sharai.Karl@anothermail.com,worker
10950,Alexine,Presber,Alexine.Presber@somemail.com,Alexine.Presber@anothermail.com,firefighter
10951,Paola,Wiener,Paola.Wiener@somemail.com,Paola.Wiener@anothermail.com,developer
10952,Daryl,Brittani,Daryl.Brittani@somemail.com,Daryl.Brittani@anothermail.com,firefighter
10953,Raina,Primalia,Raina.Primalia@somemail.com,Raina.Primalia@anothermail.com,developer
10954,Averyl,Vharat,Averyl.Vharat@somemail.com,Averyl.Vharat@anothermail.com,worker
10955,Adele,Arvo,Adele.Arvo@somemail.com,Adele.Arvo@anothermail.com,worker
10956,Morganica,Delp,Morganica.Delp@somemail.com,Morganica.Delp@anothermail.com,police officer
10957,Gabi,Regan,Gabi.Regan@somemail.com,Gabi.Regan@anothermail.com,developer
10958,Viviene,Kat,Viviene.Kat@somemail.com,Viviene.Kat@anothermail.com,doctor
10959,Brena,Peti,Brena.Peti@somemail.com,Brena.Peti@anothermail.com,police officer
10960,Albertina,McClimans,Albertina.McClimans@somemail.com,Albertina.McClimans@anothermail.com,developer
10961,Magdalena,Annabella,Magdalena.Annabella@somemail.com,Magdalena.Annabella@anothermail.com,police officer
10962,Amii,Scammon,Amii.Scammon@somemail.com,Amii.Scammon@anothermail.com,doctor
10963,Elena,Saint,Elena.Saint@somemail.com,Elena.Saint@anothermail.com,doctor
10964,Hermione,Pacorro,Hermione.Pacorro@somemail.com,Hermione.Pacorro@anothermail.com,worker
10965,Elie,Harned,Elie.Harned@somemail.com,Elie.Harned@anothermail.com,developer
10966,Estell,Sothena,Estell.Sothena@somemail.com,Estell.Sothena@anothermail.com,police officer
10967,Margalo,Jethro,Margalo.Jethro@somemail.com,Margalo.Jethro@anothermail.com,developer
10968,Henriette,Linskey,Henriette.Linskey@somemail.com,Henriette.Linskey@anothermail.com,police officer
10969,Hayley,Rozanna,Hayley.Rozanna@somemail.com,Hayley.Rozanna@anothermail.com,doctor
10970,Imojean,Erich,Imojean.Erich@somemail.com,Imojean.Erich@anothermail.com,developer
10971,Janis,Wiener,Janis.Wiener@somemail.com,Janis.Wiener@anothermail.com,doctor
10972,Cassondra,Fillbert,Cassondra.Fillbert@somemail.com,Cassondra.Fillbert@anothermail.com,developer
10973,Orsola,Fiann,Orsola.Fiann@somemail.com,Orsola.Fiann@anothermail.com,police officer
10974,Dyann,Leffen,Dyann.Leffen@somemail.com,Dyann.Leffen@anothermail.com,worker
10975,Nickie,Audly,Nickie.Audly@somemail.com,Nickie.Audly@anothermail.com,doctor
10976,Madelle,Fabiola,Madelle.Fabiola@somemail.com,Madelle.Fabiola@anothermail.com,developer
10977,Gwenneth,Hull,Gwenneth.Hull@somemail.com,Gwenneth.Hull@anothermail.com,police officer
10978,Hermione,Tomasina,Hermione.Tomasina@somemail.com,Hermione.Tomasina@anothermail.com,doctor
10979,Stacey,Denis,Stacey.Denis@somemail.com,Stacey.Denis@anothermail.com,developer
10980,Lesly,Darrell,Lesly.Darrell@somemail.com,Lesly.Darrell@anothermail.com,developer
10981,Selma,Terrence,Selma.Terrence@somemail.com,Selma.Terrence@anothermail.com,developer
10982,Lindie,Obed,Lindie.Obed@somemail.com,Lindie.Obed@anothermail.com,firefighter
10983,Clarice,Georas,Clarice.Georas@somemail.com,Clarice.Georas@anothermail.com,firefighter
10984,Sarette,Hanshaw,Sarette.Hanshaw@somemail.com,Sarette.Hanshaw@anothermail.com,police officer
10985,Dawn,Percy,Dawn.Percy@somemail.com,Dawn.Percy@anothermail.com,doctor
10986,Leona,Peg,Leona.Peg@somemail.com,Leona.Peg@anothermail.com,worker
10987,Sheelagh,Lacombe,Sheelagh.Lacombe@somemail.com,Sheelagh.Lacombe@anothermail.com,firefighter
10988,Kaia,Grayce,Kaia.Grayce@somemail.com,Kaia.Grayce@anothermail.com,doctor
10989,Hyacinthe,Sandye,Hyacinthe.Sandye@somemail.com,Hyacinthe.Sandye@anothermail.com,police officer
10990,Celisse,Roscoe,Celisse.Roscoe@somemail.com,Celisse.Roscoe@anothermail.com,firefighter
10991,Bettine,Greyson,Bettine.Greyson@somemail.com,Bettine.Greyson@anothermail.com,worker
10992,Dulce,Bahr,Dulce.Bahr@somemail.com,Dulce.Bahr@anothermail.com,worker
10993,Jerry,Pyle,Jerry.Pyle@somemail.com,Jerry.Pyle@anothermail.com,firefighter
10994,Cathyleen,Vary,Cathyleen.Vary@somemail.com,Cathyleen.Vary@anothermail.com,developer
10995,Chickie,Dom,Chickie.Dom@somemail.com,Chickie.Dom@anothermail.com,firefighter
10996,Gaylene,Ahab,Gaylene.Ahab@somemail.com,Gaylene.Ahab@anothermail.com,firefighter
10997,Shannah,Randene,Shannah.Randene@somemail.com,Shannah.Randene@anothermail.com,firefighter
10998,Helsa,Berne,Helsa.Berne@somemail.com,Helsa.Berne@anothermail.com,developer
10999,Harmonia,Idelia,Harmonia.Idelia@somemail.com,Harmonia.Idelia@anothermail.com,worker