id,firstname,lastname,email,email2,profession,age
10000,Letizia,Seessel,Letizia.Seessel@somemail.com,Letizia.Seessel@anothermail.com,police officer,62
10001,Marguerite,Adamsen,Marguerite.Adamsen@somemail.com,Marguerite.Adamsen@anothermail.com,developer,29
10002,Caressa,Ranjiv,Caressa.Ranjiv@somemail.com,Caressa.Ranjiv@anothermail.com,worker,20
10003,Marguerite,Merriott,Marguerite.Merriott@somemail.com,Marguerite.Merriott@anothermail.com,police officer,62
10004,Kirbee,Melony,Kirbee.Melony@somemail.com,Kirbee.Melony@anothermail.com,doctor,26
10005,Blake,Vorster,Blake.Vorster@somemail.com,Blake.Vorster@anothermail.com,police officer,49
10006,Britni,Maisey,Britni.Maisey@somemail.com,Britni.Maisey@anothermail.com,worker,60
10007,Kristina,Zamora,Kristina.Zamora@somemail.com,Kristina.Zamora@anothermail.com,police officer,31
10008,Blondelle,Engdahl,Blondelle.Engdahl@somemail.com,Blondelle.Engdahl@anothermail.com,doctor,20
10009,Annecorinne,Eckblad,Annecorinne.Eckblad@somemail.com,Annecorinne.Eckblad@anothermail.com,firefighter,40
10010,Mariann,Bebe,Mariann.Bebe@somemail.com,Mariann.Bebe@anothermail.com,worker,65
10011,Dorene,Hoban,Dorene.Hoban@somemail.com,Dorene.Hoban@anothermail.com,police officer,24
10012,Quintina,Lipson,Quintina.Lipson@somemail.com,Quintina.Lipson@anothermail.com,firefighter,58
10013,Valera,Goddard,Valera.Goddard@somemail.com,Valera.Goddard@anothermail.com,police officer,64
10014,Paola,Alarise,Paola.Alarise@somemail.com,Paola.Alarise@anothermail.com,doctor,33
10015,Roberta,Woodberry,Roberta.Woodberry@somemail.com,Roberta.Woodberry@anothermail.com,worker,54
10016,Siana,Lory,Siana.Lory@somemail.com,Siana.Lory@anothermail.com,doctor,49
10017,Berta,Fiester,Berta.Fiester@somemail.com,Berta.Fiester@anothermail.com,developer,27
10018,Amelia,Hathaway,Amelia.Hathaway@somemail.com,Amelia.Hathaway@anothermail.com,developer,38
10019,Karly,Urias,Karly.Urias@somemail.com,Karly.Urias@anothermail.com,doctor,46
10020,Sheree,Demitria,Sheree.Demitria@somemail.com,Sheree.Demitria@anothermail.com,police officer,33
10021,Jean,Soneson,Jean.Soneson@somemail.com,Jean.Soneson@anothermail.com,police officer,42
10022,Ketti,Haymes,Ketti.Haymes@somemail.com,Ketti.Haymes@anothermail.com,developer,46
10023,Jeanna,Alrich,Jeanna.Alrich@somemail.com,Jeanna.Alrich@anothermail.com,firefighter,33
10024,Kore,Gaynor,Kore.Gaynor@somemail.com,Kore.Gaynor@anothermail.com,police officer,30
10025,Joy,Jerold,Joy.Jerold@somemail.com,Joy.Jerold@anothermail.com,worker,26
10026,Peri,Viddah,Peri.Viddah@somemail.com,Peri.Viddah@anothermail.com,police officer,31
10027,Farrah,Cimbura,Farrah.Cimbura@somemail.com,Farrah.Cimbura@anothermail.com,developer,43
10028,Jobi,Evvie,Jobi.Evvie@somemail.com,Jobi.Evvie@anothermail.com,police officer,57
10029,Di,Cassius,Di.Cassius@somemail.com,Di.Cassius@anothermail.com,developer,53
10030,Charlena,Ogren,Charlena.Ogren@somemail.com,Charlena.Ogren@anothermail.com,worker,29
10031,Monika,Olin,Monika.Olin@somemail.com,Monika.Olin@anothermail.com,developer,54
10032,Dianemarie,Carri,Dianemarie.Carri@somemail.com,Dianemarie.Carri@anothermail.com,firefighter,28
10033,Shannah,Delp,Shannah.Delp@somemail.com,Shannah.Delp@anothermail.com,doctor,44
10034,Ronna,Vacuva,Ronna.Vacuva@somemail.com,Ronna.Vacuva@anothermail.com,worker,34
10035,Rani,Hessler,Rani.Hessler@somemail.com,Rani.Hessler@anothermail.com,firefighter,29
10036,Evita,Stav,Evita.Stav@somemail.com,Evita.Stav@anothermail.com,firefighter,30
10037,Isa,Margret,Isa.Margret@somemail.com,Isa.Margret@anothermail.com,doctor,52
10038,Shauna,Seessel,Shauna.Seessel@somemail.com,Shauna.Seessel@anothermail.com,doctor,48
10039,Shirlee,Constancy,Shirlee.Constancy@somemail.com,Shirlee.Constancy@anothermail.com,developer,36
10040,Alyda,Bearnard,Alyda.Bearnard@somemail.com,Alyda.Bearnard@anothermail.com,doctor,42
10041,Briney,Screens,Briney.Screens@somemail.com,Briney.Screens@anothermail.com,police officer,49
10042,Tersina,Melan,Tersina.Melan@somemail.com,Tersina.Melan@anothermail.com,worker,23
10043,Nita,Sasnett,Nita.Sasnett@somemail.com,Nita.Sasnett@anothermail.com,doctor,44
10044,Corly,Kaja,Corly.Kaja@somemail.com,Corly.Kaja@anothermail.com,firefighter,35
10045,Riannon,Fry,Riannon.Fry@somemail.com,Riannon.Fry@anothermail.com,worker,61
10046,Lonnie,Bahr,Lonnie.Bahr@somemail.com,Lonnie.Bahr@anothermail.com,worker,49
10047,Emelina,Bari,Emelina.Bari@somemail.com,Emelina.Bari@anothermail.com,firefighter,58
10048,Sheree,Callista,Sheree.Callista@somemail.com,Sheree.Callista@anothermail.com,police officer,32
10049,Frances,Cleavland,Frances.Cleavland@somemail.com,Frances.Cleavland@anothermail.com,worker,40
10050,Belinda,Hailee,Belinda.Hailee@somemail.com,Belinda.Hailee@anothermail.com,police officer,58
10051,Pamella,Sinegold,Pamella.Sinegold@somemail.com,Pamella.Sinegold@anothermail.com,developer,50
10052,Berget,Chrystel,Berget.Chrystel@somemail.com,Berget.Chrystel@anothermail.com,police officer,49
10053,Kimberley,Nelsen,Kimberley.Nelsen@somemail.com,Kimberley.Nelsen@anothermail.com,doctor,24
10054,Arabel,Adrienne,Arabel.Adrienne@somemail.com,Arabel.Adrienne@anothermail.com,worker,55
10055,Gui,Bohlin,Gui.Bohlin@somemail.com,Gui.Bohlin@anothermail.com,worker,21
10056,Konstance,Helfand,Konstance.Helfand@somemail.com,Konstance.Helfand@anothermail.com,developer,46
10057,Zsa Zsa,Cloris,Zsa Zsa.Cloris@somemail.com,Zsa Zsa.Cloris@anothermail.com,firefighter,55
10058,Angelique,Chauncey,Angelique.Chauncey@somemail.com,Angelique.Chauncey@anothermail.com,doctor,26
10059,Teriann,Rossner,Teriann.Rossner@somemail.com,Teriann.Rossner@anothermail.com,police officer,64
10060,Catharine,Dash,Catharine.Dash@somemail.com,Catharine.Dash@anothermail.com,firefighter,42
10061,Katharina,Margret,Katharina.Margret@somemail.com,Katharina.Margret@anothermail.com,developer,30
10062,Mallory,Socha,Mallory.Socha@somemail.com,Mallory.Socha@anothermail.com,developer,18
10063,Justinn,Ariella,Justinn.Ariella@somemail.com,Justinn.Ariella@anothermail.com,doctor,53
10064,Daryl,Alejoa,Daryl.Alejoa@somemail.com,Daryl.Alejoa@anothermail.com,firefighter,40
10065,Minda,Etom,Minda.Etom@somemail.com,Minda.Etom@anothermail.com,firefighter,53
10066,Ermengarde,Hoban,Ermengarde.Hoban@somemail.com,Ermengarde.Hoban@anothermail.com,developer,37
10067,Fanchon,Tound,Fanchon.Tound@somemail.com,Fanchon.Tound@anothermail.com,worker,36
10068,Shandie,Sikorski,Shandie.Sikorski@somemail.com,Shandie.Sikorski@anothermail.com,police officer,62
10069,Genovera,Colp,Genovera.Colp@somemail.com,Genovera.Colp@anothermail.com,developer,25
10070,Chandra,Ferrell,Chandra.Ferrell@somemail.com,Chandra.Ferrell@anothermail.com,developer,65
10071,Rosanne,Gregrory,Rosanne.Gregrory@somemail.com,Rosanne.Gregrory@anothermail.com,police officer,22
10072,Paola,Regan,Paola.Regan@somemail.com,Paola.Regan@anothermail.com,worker,56
10073,Jany,Ashely,Jany.Ashely@somemail.com,Jany.Ashely@anothermail.com,developer,55
10074,Giustina,Vharat,Giustina.Vharat@somemail.com,Giustina.Vharat@anothermail.com,doctor,26
10075,Kassey,Pierette,Kassey.Pierette@somemail.com,Kassey.Pierette@anothermail.com,doctor,24
10076,Desirae,Chabot,Desirae.Chabot@somemail.com,Desirae.Chabot@anothermail.com,developer,46
10077,Adele,Demitria,Adele.Demitria@somemail.com,Adele.Demitria@anothermail.com,doctor,37
10078,Brana,Peti,Brana.Peti@somemail.com,Brana.Peti@anothermail.com,doctor,64
10079,Maryellen,Wandie,Maryellen.Wandie@somemail.com,Maryellen.Wandie@anothermail.com,developer,28
10080,Amara,Pozzy,Amara.Pozzy@somemail.com,Amara.Pozzy@anothermail.com,developer,30
10081,Rosene,Hillel,Rosene.Hillel@somemail.com,Rosene.Hillel@anothermail.com,police officer,47
10082,Michaelina,Eiser,Michaelina.Eiser@somemail.com,Michaelina.Eiser@anothermail.com,firefighter,57
10083,Nanete,Waite,Nanete.Waite@somemail.com,Nanete.Waite@anothermail.com,firefighter,31
10084,Merrie,Dahlia,Merrie.Dahlia@somemail.com,Merrie.Dahlia@anothermail.com,firefighter,64
10085,Ivett,Saree,Ivett.Saree@somemail.com,Ivett.Saree@anothermail.com,police officer,34
10086,Alexine,Johnsson,Alexine.Johnsson@somemail.com,Alexine.Johnsson@anothermail.com,worker,19
10087,Vanessa,Bow,Vanessa.Bow@somemail.com,Vanessa.Bow@anothermail.com,firefighter,32
10088,Arabel,Santoro,Arabel.Santoro@somemail.com,Arabel.Santoro@anothermail.com,police officer,27
10089,Adelle,Papageno,Adelle.Papageno@somemail.com,Adelle.Papageno@anothermail.com,doctor,65
10090,Ardys,Middleton,Ardys.Middleton@somemail.com,Ardys.Middleton@anothermail.com,developer,57
10091,Karlee,Jotham,Karlee.Jotham@somemail.com,Karlee.Jotham@anothermail.com,developer,38
10092,Shaine,Artie,Shaine.Artie@somemail.com,Shaine.Artie@anothermail.com,firefighter,41
10093,Lilith,Mitzi,Lilith.Mitzi@somemail.com,Lilith.Mitzi@anothermail.com,worker,42
10094,Shannah,Ariella,Shannah.Ariella@somemail.com,Shannah.Ariella@anothermail.com,developer,63
10095,Jinny,Lowry,Jinny.Lowry@somemail.com,Jinny.Lowry@anothermail.com,firefighter,40
10096,Helena,Charmine,Helena.Charmine@somemail.com,Helena.Charmine@anothermail.com,developer,30
10097,Keelia,Clara,Keelia.Clara@somemail.com,Keelia.Clara@anothermail.com,developer,26
10098,Gale,Bearnard,Gale.Bearnard@somemail.com,Gale.Bearnard@anothermail.com,developer,31
10099,Melisent,Lemuela,Melisent.Lemuela@somemail.com,Melisent.Lemuela@anothermail.com,doctor,19
10100,Addia,Fleeta,Addia.Fleeta@somemail.com,Addia.Fleeta@anothermail.com,worker,58
10101,Lanna,Isidore,Lanna.Isidore@somemail.com,Lanna.Isidore@anothermail.com,firefighter,60
10102,Florencia,Carbo,Florencia.Carbo@somemail.com,Florencia.Carbo@anothermail.com,developer,42
10103,Antonietta,Selway,Antonietta.Selway@somemail.com,Antonietta.Selway@anothermail.com,worker,54
10104,Ronna,Daegal,Ronna.Daegal@somemail.com,Ronna.Daegal@anothermail.com,doctor,39
10105,Malina,Reinke,Malina.Reinke@somemail.com,Malina.Reinke@anothermail.com,firefighter,53
10106,Phylis,Gordon,Phylis.Gordon@somemail.com,Phylis.Gordon@anothermail.com,firefighter,41
10107,Susan,Glovsky,Susan.Glovsky@somemail.com,Susan.Glovsky@anothermail.com,worker,56
10108,Olivette,Joachim,Olivette.Joachim@somemail.com,Olivette.Joachim@anothermail.com,firefighter,30
10109,Edyth,Alwin,Edyth.Alwin@somemail.com,Edyth.Alwin@anothermail.com,developer,18
10110,Pearline,Chapland,Pearline.Chapland@somemail.com,Pearline.Chapland@anothermail.com,doctor,39
10111,Nollie,Decato,Nollie.Decato@somemail.com,Nollie.Decato@anothermail.com,police officer,44
10112,Rosabelle,Delila,Rosabelle.Delila@somemail.com,Rosabelle.Delila@anothermail.com,worker,54
10113,Lanae,Skell,Lanae.Skell@somemail.com,Lanae.Skell@anothermail.com,firefighter,42
10114,Carlie,Bearnard,Carlie.Bearnard@somemail.com,Carlie.Bearnard@anothermail.com,police officer,40
10115,Lilith,O'Carroll,Lilith.O'Carroll@somemail.com,Lilith.O'Carroll@anothermail.com,firefighter,55
10116,Hermione,Bebe,Hermione.Bebe@somemail.com,Hermione.Bebe@anothermail.com,worker,34
10117,Marnia,Chick,Marnia.Chick@somemail.com,Marnia.Chick@anothermail.com,doctor,20
10118,Gusty,Hazlett,Gusty.Hazlett@somemail.com,Gusty.Hazlett@anothermail.com,worker,24
10119,Danika,Noman,Danika.Noman@somemail.com,Danika.Noman@anothermail.com,worker,60
10120,Gusella,Richers,Gusella.Richers@somemail.com,Gusella.Richers@anothermail.com,firefighter,37
10121,Maridel,Adore,Maridel.Adore@somemail.com,Maridel.Adore@anothermail.com,worker,36
10122,Betta,Adlare,Betta.Adlare@somemail.com,Betta.Adlare@anothermail.com,developer,55
10123,Jasmina,Stuart,Jasmina.Stuart@somemail.com,Jasmina.Stuart@anothermail.com,worker,40
10124,Bertine,Cookie,Bertine.Cookie@somemail.com,Bertine.Cookie@anothermail.com,worker,25
10125,Aubrie,Jammal,Aubrie.Jammal@somemail.com,Aubrie.Jammal@anothermail.com,doctor,51
10126,Evaleen,Rad,Evaleen.Rad@somemail.com,Evaleen.Rad@anothermail.com,police officer,52
10127,Sheree,Hartnett,Sheree.Hartnett@somemail.com,Sheree.Hartnett@anothermail.com,worker,24
10128,Teriann,Rurik,Teriann.Rurik@somemail.com,Teriann.Rurik@anothermail.com,firefighter,31
10129,Edee,McClimans,Edee.McClimans@somemail.com,Edee.McClimans@anothermail.com,worker,36
10130,Drucie,Adalbert,Drucie.Adalbert@somemail.com,Drucie.Adalbert@anothermail.com,firefighter,54
10131,Roz,Larochelle,Roz.Larochelle@somemail.com,Roz.Larochelle@anothermail.com,doctor,50
10132,Ottilie,Erich,Ottilie.Erich@somemail.com,Ottilie.Erich@anothermail.com,firefighter,39
10133,Isa,Tomasina,Isa.Tomasina@somemail.com,Isa.Tomasina@anothermail.com,developer,30
10134,Lynea,Schroth,Lynea.Schroth@somemail.com,Lynea.Schroth@anothermail.com,developer,65
10135,Moyna,Saunderson,Moyna.Saunderson@somemail.com,Moyna.Saunderson@anothermail.com,developer,33
10136,Ezmeralda,Swanhildas,Ezmeralda.Swanhildas@somemail.com,Ezmeralda.Swanhildas@anothermail.com,worker,38
10137,Valeda,Fulmer,Valeda.Fulmer@somemail.com,Valeda.Fulmer@anothermail.com,worker,57
10138,Hettie,Othilia,Hettie.Othilia@somemail.com,Hettie.Othilia@anothermail.com,worker,63
10139,Romona,My,Romona.My@somemail.com,Romona.My@anothermail.com,developer,33
10140,Trixi,Malanie,Trixi.Malanie@somemail.com,Trixi.Malanie@anothermail.com,worker,55
10141,Zsa Zsa,Toni,Zsa Zsa.Toni@somemail.com,Zsa Zsa.Toni@anothermail.com,firefighter,46
10142,Marinna,Orlene,Marinna.Orlene@somemail.com,Marinna.Orlene@anothermail.com,worker,30
10143,Sue,Odysseus,Sue.Odysseus@somemail.com,Sue.Odysseus@anothermail.com,firefighter,37
10144,Tomasina,Chabot,Tomasina.Chabot@somemail.com,Tomasina.Chabot@anothermail.com,doctor,58
10145,Ellette,Weaks,Ellette.Weaks@somemail.com,Ellette.Weaks@anothermail.com,police officer,30
10146,Talya,Kiyoshi,Talya.Kiyoshi@somemail.com,Talya.Kiyoshi@anothermail.com,firefighter,24
10147,Claudina,Schenck,Claudina.Schenck@somemail.com,Claudina.Schenck@anothermail.com,firefighter,61
10148,Ketti,Morgun,Ketti.Morgun@somemail.com,Ketti.Morgun@anothermail.com,doctor,59
10149,Raquela,Fancie,Raquela.Fancie@somemail.com,Raquela.Fancie@anothermail.com,developer,32
10150,Ariela,Hashim,Ariela.Hashim@somemail.com,Ariela.Hashim@anothermail.com,firefighter,21
10151,Libbie,Wildermuth,Libbie.Wildermuth@somemail.com,Libbie.Wildermuth@anothermail.com,worker,41
10152,Beatriz,Melan,Beatriz.Melan@somemail.com,Beatriz.Melan@anothermail.com,worker,46
10153,Pollyanna,Engdahl,Pollyanna.Engdahl@somemail.com,Pollyanna.Engdahl@anothermail.com,developer,51
10154,Daune,Arne,Daune.Arne@somemail.com,Daune.Arne@anothermail.com,worker,47
10155,Dorene,Astra,Dorene.Astra@somemail.com,Dorene.Astra@anothermail.com,police officer,62
10156,Madelle,Kronfeld,Madelle.Kronfeld@somemail.com,Madelle.Kronfeld@anothermail.com,doctor,45
10157,Roz,Poll,Roz.Poll@somemail.com,Roz.Poll@anothermail.com,police officer,39
10158,Gaylene,Atonsah,Gaylene.Atonsah@somemail.com,Gaylene.Atonsah@anothermail.com,firefighter,35
10159,Shaylyn,Erlandson,Shaylyn.Erlandson@somemail.com,Shaylyn.Erlandson@anothermail.com,worker,19
10160,Letizia,Darrell,Letizia.Darrell@somemail.com,Letizia.Darrell@anothermail.com,doctor,27
10161,Ida,Dash,Ida.Dash@somemail.com,Ida.Dash@anothermail.com,doctor,57
10162,Di,Sidonius,Di.Sidonius@somemail.com,Di.Sidonius@anothermail.com,firefighter,63
10163,Liana,Stav,Liana.Stav@somemail.com,Liana.Stav@anothermail.com,developer,28
10164,Rosabelle,Ilka,Rosabelle.Ilka@somemail.com,Rosabelle.Ilka@anothermail.com,firefighter,43
10165,Shauna,Maryanne,Shauna.Maryanne@somemail.com,Shauna.Maryanne@anothermail.com,worker,28
10166,Annice,Pelagias,Annice.Pelagias@somemail.com,Annice.Pelagias@anothermail.com,firefighter,27
10167,Lory,Hanleigh,Lory.Hanleigh@somemail.com,Lory.Hanleigh@anothermail.com,firefighter,18
10168,Jackie,Maurine,Jackie.Maurine@somemail.com,Jackie.Maurine@anothermail.com,developer,35
10169,Josephine,Ruvolo,Josephine.Ruvolo@somemail.com,Josephine.Ruvolo@anothermail.com,developer,45
10170,Heida,Haymes,Heida.Haymes@somemail.com,Heida.Haymes@anothermail.com,firefighter,51
10171,Zia,Weaks,Zia.Weaks@somemail.com,Zia.Weaks@anothermail.com,developer,52
10172,Valeda,Susannah,Valeda.Susannah@somemail.com,Valeda.Susannah@anothermail.com,doctor,18
10173,Teddie,Gaspard,Teddie.Gaspard@somemail.com,Teddie.Gaspard@anothermail.com,police officer,23
10174,Vivia,Erich,Vivia.Erich@somemail.com,Vivia.Erich@anothermail.com,doctor,23
10175,Harrietta,Ulphia,Harrietta.Ulphia@somemail.com,Harrietta.Ulphia@anothermail.com,firefighter,30
10176,Pierette,Odell,Pierette.Odell@somemail.com,Pierette.Odell@anothermail.com,police officer,54
10177,Stacey,Melony,Stacey.Melony@somemail.com,Stacey.Melony@anothermail.com,worker,63
10178,Shaylyn,Harriman,Shaylyn.Harriman@somemail.com,Shaylyn.Harriman@anothermail.com,doctor,57
10179,Pierette,Angelis,Pierette.Angelis@somemail.com,Pierette.Angelis@anothermail.com,worker,41
10180,Jacenta,Naor,Jacenta.Naor@somemail.com,Jacenta.Naor@anothermail.com,firefighter,44
10181,Ardeen,Elo,Ardeen.Elo@somemail.com,Ardeen.Elo@anothermail.com,firefighter,50
10182,Lucille,McGrody,Lucille.McGrody@somemail.com,Lucille.McGrody@anothermail.com,police officer,27
10183,Britni,Blase,Britni.Blase@somemail.com,Britni.Blase@anothermail.com,developer,57
10184,Cyndie,Brotherson,Cyndie.Brotherson@somemail.com,Cyndie.Brotherson@anothermail.com,developer,51
10185,Robbi,Zuzana,Robbi.Zuzana@somemail.com,Robbi.Zuzana@anothermail.com,doctor,52
10186,Charmaine,Payson,Charmaine.Payson@somemail.com,Charmaine.Payson@anothermail.com,developer,34
10187,Kara-Lynn,Iiette,Kara-Lynn.Iiette@somemail.com,Kara-Lynn.Iiette@anothermail.com,police officer,36
10188,Darlleen,Judye,Darlleen.Judye@somemail.com,Darlleen.Judye@anothermail.com,developer,24
10189,Anallese,Cleo,Anallese.Cleo@somemail.com,Anallese.Cleo@anothermail.com,worker,25
10190,Hope,Keily,Hope.Keily@somemail.com,Hope.Keily@anothermail.com,police officer,63
10191,Abbie,Eckblad,Abbie.Eckblad@somemail.com,Abbie.Eckblad@anothermail.com,developer,20
10192,Stephanie,Kare,Stephanie.Kare@somemail.com,Stephanie.Kare@anothermail.com,doctor,18
10193,Marsiella,Zachary,Marsiella.Zachary@somemail.com,Marsiella.Zachary@anothermail.com,firefighter,40
10194,Hallie,Brittani,Hallie.Brittani@somemail.com,Hallie.Brittani@anothermail.com,worker,58
10195,Layla,Saree,Layla.Saree@somemail.com,Layla.Saree@anothermail.com,developer,48
10196,Sheelagh,Amand,Sheelagh.Amand@somemail.com,Sheelagh.Amand@anothermail.com,doctor,28
10197,Mariele,Carbo,Mariele.Carbo@somemail.com,Mariele.Carbo@anothermail.com,police officer,35
10198,Rivalee,Yoko,Rivalee.Yoko@somemail.com,Rivalee.Yoko@anothermail.com,worker,63
10199,Romona,Tippets,Romona.Tippets@somemail.com,Romona.Tippets@anothermail.com,firefighter,56
10200,Dennie,Pyle,Dennie.Pyle@somemail.com,Dennie.Pyle@anothermail.com,doctor,27
10201,Karlee,Shields,Karlee.Shields@somemail.com,Karlee.Shields@anothermail.com,developer,29
10202,Evaleen,Koehler,Evaleen.Koehler@somemail.com,Evaleen.Koehler@anothermail.com,police officer,29
10203,Jasmina,Read,Jasmina.Read@somemail.com,Jasmina.Read@anothermail.com,firefighter,60
10204,Debee,Hutchison,Debee.Hutchison@somemail.com,Debee.Hutchison@anothermail.com,police officer,31
10205,Ardys,Hebner,Ardys.Hebner@somemail.com,Ardys.Hebner@anothermail.com,developer,63
10206,Zia,Granoff,Zia.Granoff@somemail.com,Zia.Granoff@anothermail.com,worker,63
10207,Harrietta,Salchunas,Harrietta.Salchunas@somemail.com,Harrietta.Salchunas@anothermail.com,firefighter,20
10208,Lexine,Zachary,Lexine.Zachary@somemail.com,Lexine.Zachary@anothermail.com,firefighter,28
10209,Alie,Wenda,Alie.Wenda@somemail.com,Alie.Wenda@anothermail.com,developer,34
10210,Paule,Saunderson,Paule.Saunderson@somemail.com,Paule.Saunderson@anothermail.com,firefighter,47
10211,Krystle,Roche,Krystle.Roche@somemail.com,Krystle.Roche@anothermail.com,developer,55
10212,Elise,Hylan,Elise.Hylan@somemail.com,Elise.Hylan@anothermail.com,police officer,53
10213,Blinni,Cadmar,Blinni.Cadmar@somemail.com,Blinni.Cadmar@anothermail.com,police officer,50
10214,Cyb,Leffen,Cyb.Leffen@somemail.com,Cyb.Leffen@anothermail.com,worker,65
10215,Dulcinea,Euridice,Dulcinea.Euridice@somemail.com,Dulcinea.Euridice@anothermail.com,doctor,41
10216,Joy,Etom,Joy.Etom@somemail.com,Joy.Etom@anothermail.com,worker,62
10217,Reeba,Zetta,Reeba.Zetta@somemail.com,Reeba.Zetta@anothermail.com,firefighter,35
10218,Agnese,Gibbeon,Agnese.Gibbeon@somemail.com,Agnese.Gibbeon@anothermail.com,doctor,63
10219,Sabina,Albertine,Sabina.Albertine@somemail.com,Sabina.Albertine@anothermail.com,developer,24
10220,Juliane,Joachim,Juliane.Joachim@somemail.com,Juliane.Joachim@anothermail.com,firefighter,49
10221,Helena,Hoenack,Helena.Hoenack@somemail.com,Helena.Hoenack@anothermail.com,police officer,40
10222,Deane,Edee,Deane.Edee@somemail.com,Deane.Edee@anothermail.com,developer,59
10223,Pearline,Brandice,Pearline.Brandice@somemail.com,Pearline.Brandice@anothermail.com,doctor,36
10224,Allyce,Shields,Allyce.Shields@somemail.com,Allyce.Shields@anothermail.com,worker,63
10225,Maridel,Lytton,Maridel.Lytton@somemail.com,Maridel.Lytton@anothermail.com,worker,45
10226,Carmencita,Chesna,Carmencita.Chesna@somemail.com,Carmencita.Chesna@anothermail.com,developer,24
10227,Rochette,Adlare,Rochette.Adlare@somemail.com,Rochette.Adlare@anothermail.com,worker,22
10228,Carree,Imelida,Carree.Imelida@somemail.com,Carree.Imelida@anothermail.com,developer,52
10229,Renae,Federica,Renae.Federica@somemail.com,Renae.Federica@anothermail.com,police officer,54
10230,Devina,Stelle,Devina.Stelle@somemail.com,Devina.Stelle@anothermail.com,worker,21
10231,Zia,Avi,Zia.Avi@somemail.com,Zia.Avi@anothermail.com,doctor,64
10232,Edee,Belanger,Edee.Belanger@somemail.com,Edee.Belanger@anothermail.com,doctor,52
10233,Annabela,Marden,Annabela.Marden@somemail.com,Annabela.Marden@anothermail.com,police officer,35
10234,Teddie,Faria,Teddie.Faria@somemail.com,Teddie.Faria@anothermail.com,police officer,56
10235,Rebeca,Kenney,Rebeca.Kenney@somemail.com,Rebeca.Kenney@anothermail.com,police officer,22
10236,Latisha,Shelba,Latisha.Shelba@somemail.com,Latisha.Shelba@anothermail.com,doctor,43
10237,Marcelline,Stephie,Marcelline.Stephie@somemail.com,Marcelline.Stephie@anothermail.com,developer,64
10238,Queenie,Chesna,Queenie.Chesna@somemail.com,Queenie.Chesna@anothermail.com,doctor,49
10239,Dawn,Eliathas,Dawn.Eliathas@somemail.com,Dawn.Eliathas@anothermail.com,worker,25
10240,Zia,Johnsson,Zia.Johnsson@somemail.com,Zia.Johnsson@anothermail.com,police officer,29
10241,Mady,Codding,Mady.Codding@somemail.com,Mady.Codding@anothermail.com,worker,44
10242,Lesly,Zitvaa,Lesly.Zitvaa@somemail.com,Lesly.Zitvaa@anothermail.com,firefighter,41
10243,Carree,Myrilla,Carree.Myrilla@somemail.com,Carree.Myrilla@anothermail.com,doctor,19
10244,Riannon,Grayce,Riannon.Grayce@somemail.com,Riannon.Grayce@anothermail.com,police officer,21
10245,Viviene,Solitta,Viviene.Solitta@somemail.com,Viviene.Solitta@anothermail.com,developer,60
10246,Sashenka,Blake,Sashenka.Blake@somemail.com,Sashenka.Blake@anothermail.com,developer,36
10247,Jessy,Fiann,Jessy.Fiann@somemail.com,Jessy.Fiann@anothermail.com,worker,49
10248,Tiffie,Barrus,Tiffie.Barrus@somemail.com,Tiffie.Barrus@anothermail.com,developer,45
10249,Ann-Marie,Dannye,Ann-Marie.Dannye@somemail.com,Ann-Marie.Dannye@anothermail.com,firefighter,47
10250,Brynna,Byrne,Brynna.Byrne@somemail.com,Brynna.Byrne@anothermail.com,police officer,20
10251,Frieda,Vale,Frieda.Vale@somemail.com,Frieda.Vale@anothermail.com,police officer,63
10252,Lily,Sheedy,Lily.Sheedy@somemail.com,Lily.Sheedy@anothermail.com,firefighter,30
10253,Merry,Ferino,Merry.Ferino@somemail.com,Merry.Ferino@anothermail.com,police officer,46
10254,Nita,Bates,Nita.Bates@somemail.com,Nita.Bates@anothermail.com,police officer,27
10255,Leontine,Telfer,Leontine.Telfer@somemail.com,Leontine.Telfer@anothermail.com,police officer,43
10256,Cecile,Guildroy,Cecile.Guildroy@somemail.com,Cecile.Guildroy@anothermail.com,firefighter,49
10257,Marti,Edison,Marti.Edison@somemail.com,Marti.Edison@anothermail.com,worker,55
10258,Starla,Nunci,Starla.Nunci@somemail.com,Starla.Nunci@anothermail.com,police officer,30
10259,Renie,Rudolph,Renie.Rudolph@somemail.com,Renie.Rudolph@anothermail.com,worker,29
10260,Jemie,Viddah,Jemie.Viddah@somemail.com,Jemie.Viddah@anothermail.com,police officer,30
10261,Annora,Justinn,Annora.Justinn@somemail.com,Annora.Justinn@anothermail.com,firefighter,50
10262,Albertina,Saree,Albertina.Saree@somemail.com,Albertina.Saree@anothermail.com,doctor,26
10263,Karina,Adamsen,Karina.Adamsen@somemail.com,Karina.Adamsen@anothermail.com,developer,32
10264,Elena,Nance,Elena.Nance@somemail.com,Elena.Nance@anothermail.com,developer,35
10265,Genevra,Gale,Genevra.Gale@somemail.com,Genevra.Gale@anothermail.com,doctor,36
10266,Ellette,Juan,Ellette.Juan@somemail.com,Ellette.Juan@anothermail.com,developer,59
10267,Laure,Raimondo,Laure.Raimondo@somemail.com,Laure.Raimondo@anothermail.com,doctor,51
10268,Jaime,Glovsky,Jaime.Glovsky@somemail.com,Jaime.Glovsky@anothermail.com,firefighter,27
10269,Vere,Anton,Vere.Anton@somemail.com,Vere.Anton@anothermail.com,firefighter,33
10270,Mara,Fontana,Mara.Fontana@somemail.com,Mara.Fontana@anothermail.com,developer,51
10271,Cordi,Millda,Cordi.Millda@somemail.com,Cordi.Millda@anothermail.com,developer,19
10272,Kerrin,Duwalt,Kerrin.Duwalt@somemail.com,Kerrin.Duwalt@anothermail.com,police officer,39
10273,Dale,Pierette,Dale.Pierette@somemail.com,Dale.Pierette@anothermail.com,worker,28
10274,Asia,Vivle,Asia.Vivle@somemail.com,Asia.Vivle@anothermail.com,developer,36
10275,Kate,Juan,Kate.Juan@somemail.com,Kate.Juan@anothermail.com,worker,32
10276,Di,Bultman,Di.Bultman@somemail.com,Di.Bultman@anothermail.com,developer,45
10277,Ofilia,Viddah,Ofilia.Viddah@somemail.com,Ofilia.Viddah@anothermail.com,worker,29
10278,Kassey,Atcliffe,Kassey.Atcliffe@somemail.com,Kassey.Atcliffe@anothermail.com,worker,46
10279,Brandise,Kermit,Brandise.Kermit@somemail.com,Brandise.Kermit@anothermail.com,doctor,24
10280,Ethel,Naashom,Ethel.Naashom@somemail.com,Ethel.Naashom@anothermail.com,developer,22
10281,Annecorinne,Kimmie,Annecorinne.Kimmie@somemail.com,Annecorinne.Kimmie@anothermail.com,doctor,35
10282,Fayre,Geffner,Fayre.Geffner@somemail.com,Fayre.Geffner@anothermail.com,police officer,58
10283,Yetty,Liebermann,Yetty.Liebermann@somemail.com,Yetty.Liebermann@anothermail.com,developer,20
10284,Meghann,Lowry,Meghann.Lowry@somemail.com,Meghann.Lowry@anothermail.com,developer,39
10285,Theodora,Lunsford,Theodora.Lunsford@somemail.com,Theodora.Lunsford@anothermail.com,worker,37
10286,Alia,Muriel,Alia.Muriel@somemail.com,Alia.Muriel@anothermail.com,doctor,28
10287,Dale,Aloise,Dale.Aloise@somemail.com,Dale.Aloise@anothermail.com,police officer,57
10288,Merci,Rheingold,Merci.Rheingold@somemail.com,Merci.Rheingold@anothermail.com,developer,65
10289,Kimmy,Modie,Kimmy.Modie@somemail.com,Kimmy.Modie@anothermail.com,worker,26
10290,Mignon,Fiann,Mignon.Fiann@somemail.com,Mignon.Fiann@anothermail.com,developer,28
10291,Nanete,Hedve,Nanete.Hedve@somemail.com,Nanete.Hedve@anothermail.com,doctor,46
10292,Georgetta,Konyn,Georgetta.Konyn@somemail.com,Georgetta.Konyn@anothermail.com,firefighter,54
10293,Nyssa,Burkle,Nyssa.Burkle@somemail.com,Nyssa.Burkle@anothermail.com,police officer,65
10294,Clementine,Nahum,Clementine.Nahum@somemail.com,Clementine.Nahum@anothermail.com,developer,54
10295,Deirdre,McNully,Deirdre.McNully@somemail.com,Deirdre.McNully@anothermail.com,developer,47
10296,Paola,Yate,Paola.Yate@somemail.com,Paola.Yate@anothermail.com,doctor,46
10297,Ilse,Euridice,Ilse.Euridice@somemail.com,Ilse.Euridice@anothermail.com,worker,48
10298,Flory,Albertine,Flory.Albertine@somemail.com,Flory.Albertine@anothermail.com,developer,43
10299,Peri,Oriana,Peri.Oriana@somemail.com,Peri.Oriana@anothermail.com,police officer,25
10300,Jemie,Kristi,Jemie.Kristi@somemail.com,Jemie.Kristi@anothermail.com,police officer,33
10301,Alyda,Erminia,Alyda.Erminia@somemail.com,Alyda.Erminia@anothermail.com,police officer,22
10302,Harmonia,Loleta,Harmonia.Loleta@somemail.com,Harmonia.Loleta@anothermail.com,developer,52
10303,Corry,Skurnik,Corry.Skurnik@somemail.com,Corry.Skurnik@anothermail.com,doctor,24
10304,Joane,Brittani,Joane.Brittani@somemail.com,Joane.Brittani@anothermail.com,police officer,24
10305,Micheline,Beebe,Micheline.Beebe@somemail.com,Micheline.Beebe@anothermail.com,police officer,28
10306,Charlena,Yate,Charlena.Yate@somemail.com,Charlena.Yate@anothermail.com,firefighter,34
10307,Danny,Pacorro,Danny.Pacorro@somemail.com,Danny.Pacorro@anothermail.com,doctor,24
10308,Gisela,Hubert,Gisela.Hubert@somemail.com,Gisela.Hubert@anothermail.com,doctor,37
10309,Ronna,Elisha,Ronna.Elisha@somemail.com,Ronna.Elisha@anothermail.com,worker,31
10310,Janey,Linehan,Janey.Linehan@somemail.com,Janey.Linehan@anothermail.com,doctor,58
10311,Tami,Rolf,Tami.Rolf@somemail.com,Tami.Rolf@anothermail.com,firefighter,65
10312,Aeriela,Hartnett,Aeriela.Hartnett@somemail.com,Aeriela.Hartnett@anothermail.com,police officer,21
10313,Lorne,Elbertina,Lorne.Elbertina@somemail.com,Lorne.Elbertina@anothermail.com,doctor,50
10314,Yvonne,Alcott,Yvonne.Alcott@somemail.com,Yvonne.Alcott@anothermail.com,developer,18
10315,Melodie,Sparhawk,Melodie.Sparhawk@somemail.com,Melodie.Sparhawk@anothermail.com,police officer,64
10316,Nessie,Chobot,Nessie.Chobot@somemail.com,Nessie.Chobot@anothermail.com,police officer,54
10317,Taffy,Carey,Taffy.Carey@somemail.com,Taffy.Carey@anothermail.com,police officer,27
10318,Shell,Wadell,Shell.Wadell@somemail.com,Shell.Wadell@anothermail.com,developer,18
10319,Hyacinthe,Reinke,Hyacinthe.Reinke@somemail.com,Hyacinthe.Reinke@anothermail.com,doctor,60
10320,Clementine,Secrest,Clementine.Secrest@somemail.com,Clementine.Secrest@anothermail.com,doctor,45
10321,Lorenza,Hertzfeld,Lorenza.Hertzfeld@somemail.com,Lorenza.Hertzfeld@anothermail.com,firefighter,65
10322,Margette,Konyn,Margette.Konyn@somemail.com,Margette.Konyn@anothermail.com,firefighter,29
10323,Gerrie,Irmine,Gerrie.Irmine@somemail.com,Gerrie.Irmine@anothermail.com,doctor,27
10324,Ardys,Primalia,Ardys.Primalia@somemail.com,Ardys.Primalia@anothermail.com,police officer,39
10325,Flo,Vins,Flo.Vins@somemail.com,Flo.Vins@anothermail.com,developer,21
10326,Nyssa,Kesley,Nyssa.Kesley@somemail.com,Nyssa.Kesley@anothermail.com,doctor,52
10327,Carmencita,Phyllis,Carmencita.Phyllis@somemail.com,Carmencita.Phyllis@anothermail.com,doctor,59
10328,Ermengarde,Garlinda,Ermengarde.Garlinda@somemail.com,Ermengarde.Garlinda@anothermail.com,police officer,49
10329,Delilah,Iiette,Delilah.Iiette@somemail.com,Delilah.Iiette@anothermail.com,worker,56
10330,Babita,Damarra,Babita.Damarra@somemail.com,Babita.Damarra@anothermail.com,firefighter,45
10331,Sara-Ann,Fitzsimmons,Sara-Ann.Fitzsimmons@somemail.com,Sara-Ann.Fitzsimmons@anothermail.com,developer,38
10332,Hallie,Hessler,Hallie.Hessler@somemail.com,Hallie.Hessler@anothermail.com,doctor,62
10333,Gale,Alabaster,Gale.Alabaster@somemail.com,Gale.Alabaster@anothermail.com,firefighter,45
10334,Alameda,Johnsson,Alameda.Johnsson@somemail.com,Alameda.Johnsson@anothermail.com,developer,35
10335,Noelle,Fancie,Noelle.Fancie@somemail.com,Noelle.Fancie@anothermail.com,worker,24
10336,Andree,Colyer,Andree.Colyer@somemail.com,Andree.Colyer@anothermail.com,police officer,57
10337,Neila,Garbe,Neila.Garbe@somemail.com,Neila.Garbe@anothermail.com,police officer,61
10338,Brana,Mauer,Brana.Mauer@somemail.com,Brana.Mauer@anothermail.com,developer,62
10339,Merci,Obed,Merci.Obed@somemail.com,Merci.Obed@anothermail.com,worker,23
10340,Sharai,Lay,Sharai.Lay@somemail.com,Sharai.Lay@anothermail.com,police officer,56
10341,Stacey,Trey,Stacey.Trey@somemail.com,Stacey.Trey@anothermail.com,worker,43
10342,Talya,Liebermann,Talya.Liebermann@somemail.com,Talya.Liebermann@anothermail.com,worker,35
10343,Tracey,Horan,Tracey.Horan@somemail.com,Tracey.Horan@anothermail.com,police officer,54
10344,Bertine,Lowry,Bertine.Lowry@somemail.com,Bertine.Lowry@anothermail.com,police officer,56
10345,Pamella,Christal,Pamella.Christal@somemail.com,Pamella.Christal@anothermail.com,worker,50
10346,Ana,Kaja,Ana.Kaja@somemail.com,Ana.Kaja@anothermail.com,doctor,28
10347,Ardenia,Screens,Ardenia.Screens@somemail.com,Ardenia.Screens@anothermail.com,police officer,39
10348,Ottilie,Sabella,Ottilie.Sabella@somemail.com,Ottilie.Sabella@anothermail.com,doctor,57
10349,Lacie,Genna,Lacie.Genna@somemail.com,Lacie.Genna@anothermail.com,doctor,38
10350,Sabina,Mike,Sabina.Mike@somemail.com,Sabina.Mike@anothermail.com,doctor,34
10351,Brena,Simmonds,Brena.Simmonds@somemail.com,Brena.Simmonds@anothermail.com,worker,64
10352,Peri,Hedve,Peri.Hedve@somemail.com,Peri.Hedve@anothermail.com,doctor,37
10353,Tybie,Tannie,Tybie.Tannie@somemail.com,Tybie.Tannie@anothermail.com,police officer,65
10354,Julieta,Iiette,Julieta.Iiette@somemail.com,Julieta.Iiette@anothermail.com,police officer,43
10355,Tiffie,Brittani,Tiffie.Brittani@somemail.com,Tiffie.Brittani@anothermail.com,firefighter,24
10356,Carolina,Thilda,Carolina.Thilda@somemail.com,Carolina.Thilda@anothermail.com,police officer,22
10357,Micheline,Grayce,Micheline.Grayce@somemail.com,Micheline.Grayce@anothermail.com,worker,35
10358,Chastity,Teryn,Chastity.Teryn@somemail.com,Chastity.Teryn@anothermail.com,developer,35
10359,Ketti,Oneida,Ketti.Oneida@somemail.com,Ketti.Oneida@anothermail.com,developer,21
10360,Adriana,Nisbet,Adriana.Nisbet@somemail.com,Adriana.Nisbet@anothermail.com,police officer,43
10361,Calla,Naor,Calla.Naor@somemail.com,Calla.Naor@anothermail.com,worker,52
10362,Marjie,Stuart,Marjie.Stuart@somemail.com,Marjie.Stuart@anothermail.com,developer,58
10363,Andeee,Radu,Andeee.Radu@somemail.com,Andeee.Radu@anothermail.com,worker,50
10364,Jemie,Uird,Jemie.Uird@somemail.com,Jemie.Uird@anothermail.com,developer,55
10365,Bobinette,Bonucci,Bobinette.Bonucci@somemail.com,Bobinette.Bonucci@anothermail.com,doctor,37
10366,Ilse,Jotham,Ilse.Jotham@somemail.com,Ilse.Jotham@anothermail.com,police officer,36
10367,Courtnay,Cornelia,Courtnay.Cornelia@somemail.com,Courtnay.Cornelia@anothermail.com,police officer,39
10368,Debee,Timon,Debee.Timon@somemail.com,Debee.Timon@anothermail.com,worker,54
10369,Devina,Kannry,Devina.Kannry@somemail.com,Devina.Kannry@anothermail.com,doctor,44
10370,Margalo,Fitzsimmons,Margalo.Fitzsimmons@somemail.com,Margalo.Fitzsimmons@anothermail.com,police officer,27
10371,Flo,Cavan,Flo.Cavan@somemail.com,Flo.Cavan@anothermail.com,developer,35
10372,Karina,Reinke,Karina.Reinke@somemail.com,Karina.Reinke@anothermail.com,developer,20
10373,Edyth,Tillford,Edyth.Tillford@somemail.com,Edyth.Tillford@anothermail.com,police officer,33
10374,Flory,Nisbet,Flory.Nisbet@somemail.com,Flory.Nisbet@anothermail.com,doctor,55
10375,Ann-Marie,Kristi,Ann-Marie.Kristi@somemail.com,Ann-Marie.Kristi@anothermail.com,developer,23
10376,Rivalee,Travax,Rivalee.Travax@somemail.com,Rivalee.Travax@anothermail.com,firefighter,54
10377,Blake,Natica,Blake.Natica@somemail.com,Blake.Natica@anothermail.com,doctor,43
10378,Inga,Wenoa,Inga.Wenoa@somemail.com,Inga.Wenoa@anothermail.com,firefighter,18
10379,Cordi,Terrence,Cordi.Terrence@somemail.com,Cordi.Terrence@anothermail.com,worker,28
10380,Miquela,Rugen,Miquela.Rugen@somemail.com,Miquela.Rugen@anothermail.com,police officer,51
10381,Cordi,Primalia,Cordi.Primalia@somemail.com,Cordi.Primalia@anothermail.com,worker,24
10382,Riannon,Scammon,Riannon.Scammon@somemail.com,Riannon.Scammon@anothermail.com,doctor,32
10383,Roz,Avi,Roz.Avi@somemail.com,Roz.Avi@anothermail.com,police officer,22
10384,Mara,Skurnik,Mara.Skurnik@somemail.com,Mara.Skurnik@anothermail.com,doctor,37
10385,Fina,Oscar,Fina.Oscar@somemail.com,Fina.Oscar@anothermail.com,doctor,37
10386,Camile,Lucienne,Camile.Lucienne@somemail.com,Camile.Lucienne@anothermail.com,developer,46
10387,Jerry,Uund,Jerry.Uund@somemail.com,Jerry.Uund@anothermail.com,worker,61
10388,June,Lia,June.Lia@somemail.com,June.Lia@anothermail.com,worker,56
10389,Magdalena,Swanhildas,Magdalena.Swanhildas@somemail.com,Magdalena.Swanhildas@anothermail.com,firefighter,31
10390,Xylina,Malvino,Xylina.Malvino@somemail.com,Xylina.Malvino@anothermail.com,developer,50
10391,Xylina,Bach,Xylina.Bach@somemail.com,Xylina.Bach@anothermail.com,firefighter,39
10392,Mara,Firmin,Mara.Firmin@somemail.com,Mara.Firmin@anothermail.com,doctor,49
10393,Orelia,Nester,Orelia.Nester@somemail.com,Orelia.Nester@anothermail.com,firefighter,51
10394,Justinn,Arley,Justinn.Arley@somemail.com,Justinn.Arley@anothermail.com,worker,23
10395,Dania,Urania,Dania.Urania@somemail.com,Dania.Urania@anothermail.com,doctor,54
10396,Justinn,Israeli,Justinn.Israeli@somemail.com,Justinn.Israeli@anothermail.com,firefighter,47
10397,Ira,Uund,Ira.Uund@somemail.com,Ira.Uund@anothermail.com,doctor,58
10398,Roz,Wu,Roz.Wu@somemail.com,Roz.Wu@anothermail.com,developer,48
10399,Suzette,Sherfield,Suzette.Sherfield@somemail.com,Suzette.Sherfield@anothermail.com,firefighter,25
10400,Ninnetta,Iiette,Ninnetta.Iiette@somemail.com,Ninnetta.Iiette@anothermail.com,developer,34
10401,Nollie,Eno,Nollie.Eno@somemail.com,Nollie.Eno@anothermail.com,doctor,45
10402,Chrystel,Harriman,Chrystel.Harriman@somemail.com,Chrystel.Harriman@anothermail.com,firefighter,55
10403,Britni,Karylin,Britni.Karylin@somemail.com,Britni.Karylin@anothermail.com,developer,36
10404,Jan,Lenny,Jan.Lenny@somemail.com,Jan.Lenny@anothermail.com,worker,30
10405,Nariko,McLaughlin,Nariko.McLaughlin@somemail.com,Nariko.McLaughlin@anothermail.com,worker,45
10406,Helena,Brieta,Helena.Brieta@somemail.com,Helena.Brieta@anothermail.com,firefighter,20
10407,Brietta,Argus,Brietta.Argus@somemail.com,Brietta.Argus@anothermail.com,developer,18
10408,Dode,Hermes,Dode.Hermes@somemail.com,Dode.Hermes@anothermail.com,worker,49
10409,Joelly,Hillel,Joelly.Hillel@somemail.com,Joelly.Hillel@anothermail.com,doctor,43
10410,Laure,Lauraine,Laure.Lauraine@somemail.com,Laure.Lauraine@anothermail.com,developer,34
10411,Daune,McGrody,Daune.McGrody@somemail.com,Daune.McGrody@anothermail.com,doctor,46
10412,Leia,Merat,Leia.Merat@somemail.com,Leia.Merat@anothermail.com,developer,26
10413,Maryellen,Bahr,Maryellen.Bahr@somemail.com,Maryellen.Bahr@anothermail.com,police officer,21
10414,Bill,Whiffen,Bill.Whiffen@somemail.com,Bill.Whiffen@anothermail.com,developer,55
10415,Cyndie,Ammann,Cyndie.Ammann@somemail.com,Cyndie.Ammann@anothermail.com,police officer,33
10416,Zsa Zsa,Baudin,Zsa Zsa.Baudin@somemail.com,Zsa Zsa.Baudin@anothermail.com,doctor,35
10417,Konstance,Peonir,Konstance.Peonir@somemail.com,Konstance.Peonir@anothermail.com,developer,38
10418,Kristina,Jammal,Kristina.Jammal@somemail.com,Kristina.Jammal@anothermail.com,firefighter,65
10419,Ricky,Carleen,Ricky.Carleen@somemail.com,Ricky.Carleen@anothermail.com,doctor,33
10420,Madalyn,Weide,Madalyn.Weide@somemail.com,Madalyn.Weide@anothermail.com,police officer,55
10421,Briney,Hewitt,Briney.Hewitt@somemail.com,Briney.Hewitt@anothermail.com,firefighter,24
10422,Wilma,Chobot,Wilma.Chobot@somemail.com,Wilma.Chobot@anothermail.com,worker,56
10423,Neila,Donoghue,Neila.Donoghue@somemail.com,Neila.Donoghue@anothermail.com,firefighter,60
10424,Emmey,Lorain,Emmey.Lorain@somemail.com,Emmey.Lorain@anothermail.com,developer,52
10425,Asia,Tybald,Asia.Tybald@somemail.com,Asia.Tybald@anothermail.com,firefighter,48
10426,Max,Bashemeth,Max.Bashemeth@somemail.com,Max.Bashemeth@anothermail.com,developer,59
10427,Ashlee,Seessel,Ashlee.Seessel@somemail.com,Ashlee.Seessel@anothermail.com,developer,64
10428,Trudie,Warthman,Trudie.Warthman@somemail.com,Trudie.Warthman@anothermail.com,developer,20
10429,Julieta,Goth,Julieta.Goth@somemail.com,Julieta.Goth@anothermail.com,doctor,51
10430,Stephanie,Radu,Stephanie.Radu@somemail.com,Stephanie.Radu@anothermail.com,police officer,63
10431,Brooks,Santoro,Brooks.Santoro@somemail.com,Brooks.Santoro@anothermail.com,doctor,34
10432,Carolina,Rodmann,Carolina.Rodmann@somemail.com,Carolina.Rodmann@anothermail.com,doctor,35
10433,Jackie,Kevon,Jackie.Kevon@somemail.com,Jackie.Kevon@anothermail.com,doctor,65
10434,Angela,Thad,Angela.Thad@somemail.com,Angela.Thad@anothermail.com,police officer,41
10435,Tracey,Lenny,Tracey.Lenny@somemail.com,Tracey.Lenny@anothermail.com,police officer,35
10436,Celene,Sawtelle,Celene.Sawtelle@somemail.com,Celene.Sawtelle@anothermail.com,police officer,25
10437,Edee,Jalbert,Edee.Jalbert@somemail.com,Edee.Jalbert@anothermail.com,worker,61
10438,Gerianna,Schalles,Gerianna.Schalles@somemail.com,Gerianna.Schalles@anothermail.com,developer,27
10439,Diena,Center,Diena.Center@somemail.com,Diena.Center@anothermail.com,worker,62
10440,Lacie,Kaete,Lacie.Kaete@somemail.com,Lacie.Kaete@anothermail.com,worker,41
10441,Cecile,Camden,Cecile.Camden@somemail.com,Cecile.Camden@anothermail.com,worker,52
10442,Marguerite,Velick,Marguerite.Velick@somemail.com,Marguerite.Velick@anothermail.com,doctor,44
10443,Dennie,Bow,Dennie.Bow@somemail.com,Dennie.Bow@anothermail.com,developer,57
10444,Lorie,Adlare,Lorie.Adlare@somemail.com,Lorie.Adlare@anothermail.com,doctor,23
10445,Ebonee,Duwalt,Ebonee.Duwalt@somemail.com,Ebonee.Duwalt@anothermail.com,police officer,33
10446,Nollie,Donoghue,Nollie.Donoghue@somemail.com,Nollie.Donoghue@anothermail.com,worker,60
10447,Selia,Phaidra,Selia.Phaidra@somemail.com,Selia.Phaidra@anothermail.com,worker,59
10448,Anestassia,Donoghue,Anestassia.Donoghue@somemail.com,Anestassia.Donoghue@anothermail.com,police officer,19
10449,Cecile,Joachim,Cecile.Joachim@somemail.com,Cecile.Joachim@anothermail.com,developer,45
10450,Annora,Shuler,Annora.Shuler@somemail.com,Annora.Shuler@anothermail.com,police officer,20
10451,Debee,Telfer,Debee.Telfer@somemail.com,Debee.Telfer@anothermail.com,developer,49
10452,Di,Granoff,Di.Granoff@somemail.com,Di.Granoff@anothermail.com,police officer,19
10453,Deedee,Gaspard,Deedee.Gaspard@somemail.com,Deedee.Gaspard@anothermail.com,doctor,40
10454,Starla,Genna,Starla.Genna@somemail.com,Starla.Genna@anothermail.com,police officer,19
10455,Brandise,Si,Brandise.Si@somemail.com,Brandise.Si@anothermail.com,worker,37
10456,Starla,Sidonius,Starla.Sidonius@somemail.com,Starla.Sidonius@anothermail.com,police officer,58
10457,Ginnie,Pacorro,Ginnie.Pacorro@somemail.com,Ginnie.Pacorro@anothermail.com,developer,35
10458,Roxane,Olnee,Roxane.Olnee@somemail.com,Roxane.Olnee@anothermail.com,worker,26
10459,Louella,Fitzsimmons,Louella.Fitzsimmons@somemail.com,Louella.Fitzsimmons@anothermail.com,police officer,28
10460,Roberta,Tice,Roberta.Tice@somemail.com,Roberta.Tice@anothermail.com,doctor,54
10461,Laure,Erich,Laure.Erich@somemail.com,Laure.Erich@anothermail.com,police officer,31
10462,Maye,Morrill,Maye.Morrill@somemail.com,Maye.Morrill@anothermail.com,worker,56
10463,Antonietta,Maroney,Antonietta.Maroney@somemail.com,Antonietta.Maroney@anothermail.com,worker,60
10464,Aubrie,Halsey,Aubrie.Halsey@somemail.com,Aubrie.Halsey@anothermail.com,police officer,55
10465,Myriam,Merna,Myriam.Merna@somemail.com,Myriam.Merna@anothermail.com,firefighter,56
10466,Hermione,Thad,Hermione.Thad@somemail.com,Hermione.Thad@anothermail.com,doctor,48
10467,Dacia,Nedrud,Dacia.Nedrud@somemail.com,Dacia.Nedrud@anothermail.com,developer,63
10468,Florie,Seagraves,Florie.Seagraves@somemail.com,Florie.Seagraves@anothermail.com,developer,43
10469,Janey,Francyne,Janey.Francyne@somemail.com,Janey.Francyne@anothermail.com,firefighter,62
10470,Kaia,Cullin,Kaia.Cullin@somemail.com,Kaia.Cullin@anothermail.com,developer,44
10471,Kirstin,Naashom,Kirstin.Naashom@somemail.com,Kirstin.Naashom@anothermail.com,developer,62
10472,Gerianna,Emmy,Gerianna.Emmy@somemail.com,Gerianna.Emmy@anothermail.com,worker,38
10473,Regina,Niles,Regina.Niles@somemail.com,Regina.Niles@anothermail.com,police officer,38
10474,Damaris,Si,Damaris.Si@somemail.com,Damaris.Si@anothermail.com,police officer,28
10475,Fanny,Vastah,Fanny.Vastah@somemail.com,Fanny.Vastah@anothermail.com,worker,24
10476,Agathe,Durware,Agathe.Durware@somemail.com,Agathe.Durware@anothermail.com,doctor,18
10477,Anallese,Loring,Anallese.Loring@somemail.com,Anallese.Loring@anothermail.com,worker,31
10478,Clementine,Pacorro,Clementine.Pacorro@somemail.com,Clementine.Pacorro@anothermail.com,police officer,37
10479,Janenna,Fancie,Janenna.Fancie@somemail.com,Janenna.Fancie@anothermail.com,doctor,40
10480,Thalia,Raul,Thalia.Raul@somemail.com,Thalia.Raul@anothermail.com,police officer,41
10481,Nannie,Ralfston,Nannie.Ralfston@somemail.com,Nannie.Ralfston@anothermail.com,doctor,39
10482,Consuela,Fulmer,Consuela.Fulmer@somemail.com,Consuela.Fulmer@anothermail.com,developer,43
10483,Bibby,Obed,Bibby.Obed@somemail.com,Bibby.Obed@anothermail.com,police officer,47
10484,Constance,Yerkovich,Constance.Yerkovich@somemail.com,Constance.Yerkovich@anothermail.com,worker,31
10485,Alameda,Mintz,Alameda.Mintz@somemail.com,Alameda.Mintz@anothermail.com,worker,57
10486,Zondra,Simmonds,Zondra.Simmonds@somemail.com,Zondra.Simmonds@anothermail.com,worker,27
10487,Clary,Liva,Clary.Liva@somemail.com,Clary.Liva@anothermail.com,firefighter,55
10488,Moyna,Hieronymus,Moyna.Hieronymus@somemail.com,Moyna.Hieronymus@anothermail.com,worker,38
10489,Raf,Kare,Raf.Kare@somemail.com,Raf.Kare@anothermail.com,worker,22
10490,Katleen,Giff,Katleen.Giff@somemail.com,Katleen.Giff@anothermail.com,worker,56
10491,Marjie,Colleen,Marjie.Colleen@somemail.com,Marjie.Colleen@anothermail.com,developer,27
10492,Bibby,Francyne,Bibby.Francyne@somemail.com,Bibby.Francyne@anothermail.com,worker,41
10493,Mureil,Lail,Mureil.Lail@somemail.com,Mureil.Lail@anothermail.com,worker,19
10494,Nyssa,Darian,Nyssa.Darian@somemail.com,Nyssa.Darian@anothermail.com,police officer,43
10495,Katharina,Magnolia,Katharina.Magnolia@somemail.com,Katharina.Magnolia@anothermail.com,firefighter,36
10496,Yetty,Sothena,Yetty.Sothena@somemail.com,Yetty.Sothena@anothermail.com,police officer,21
10497,Kayla,Kronfeld,Kayla.Kronfeld@somemail.com,Kayla.Kronfeld@anothermail.com,worker,20
10498,Tonia,Lorain,Tonia.Lorain@somemail.com,Tonia.Lorain@anothermail.com,firefighter,24
10499,Vita,Dreda,Vita.Dreda@somemail.com,Vita.Dreda@anothermail.com,firefighter,31
10500,Malina,Francene,Malina.Francene@somemail.com,Malina.Francene@anothermail.com,police officer,44
10501,Katleen,Phi,Katleen.Phi@somemail.com,Katleen.Phi@anothermail.com,worker,43
10502,Justinn,Clywd,Justinn.Clywd@somemail.com,Justinn.Clywd@anothermail.com,developer,59
10503,Agnese,Ahab,Agnese.Ahab@somemail.com,Agnese.Ahab@anothermail.com,police officer,28
10504,Teriann,Vanni,Teriann.Vanni@somemail.com,Teriann.Vanni@anothermail.com,worker,21
10505,Rochette,Evvie,Rochette.Evvie@somemail.com,Rochette.Evvie@anothermail.com,developer,34
10506,Livvyy,Dunkin,Livvyy.Dunkin@somemail.com,Livvyy.Dunkin@anothermail.com,developer,18
10507,Bertine,Wilkinson,Bertine.Wilkinson@somemail.com,Bertine.Wilkinson@anothermail.com,worker,22
10508,Alie,Hachmin,Alie.Hachmin@somemail.com,Alie.Hachmin@anothermail.com,firefighter,18
10509,Goldie,Raimondo,Goldie.Raimondo@somemail.com,Goldie.Raimondo@anothermail.com,developer,57
10510,Meriel,Sabella,Meriel.Sabella@somemail.com,Meriel.Sabella@anothermail.com,firefighter,49
10511,Hope,Shanley,Hope.Shanley@somemail.com,Hope.Shanley@anothermail.com,police officer,65
10512,Chrystel,Agle,Chrystel.Agle@somemail.com,Chrystel.Agle@anothermail.com,doctor,23
10513,Susan,Zuzana,Susan.Zuzana@somemail.com,Susan.Zuzana@anothermail.com,firefighter,41
10514,Tabbatha,Ortrude,Tabbatha.Ortrude@somemail.com,Tabbatha.Ortrude@anothermail.com,police officer,39
10515,Ezmeralda,Kesley,Ezmeralda.Kesley@somemail.com,Ezmeralda.Kesley@anothermail.com,worker,29
10516,Pierette,Sigfrid,Pierette.Sigfrid@somemail.com,Pierette.Sigfrid@anothermail.com,firefighter,63
10517,Phylis,Jary,Phylis.Jary@somemail.com,Phylis.Jary@anothermail.com,doctor,50
10518,Nicoli,Kevon,Nicoli.Kevon@somemail.com,Nicoli.Kevon@anothermail.com,doctor,39
10519,Gisela,Simmonds,Gisela.Simmonds@somemail.com,Gisela.Simmonds@anothermail.com,doctor,49
10520,Winny,Guildroy,Winny.Guildroy@somemail.com,Winny.Guildroy@anothermail.com,police officer,49
10521,Talya,Poll,Talya.Poll@somemail.com,Talya.Poll@anothermail.com,worker,51
10522,Netty,Prouty,Netty.Prouty@somemail.com,Netty.Prouty@anothermail.com,developer,56
10523,Fredericka,Callista,Fredericka.Callista@somemail.com,Fredericka.Callista@anothermail.com,firefighter,21
10524,Barbi,Ulphia,Barbi.Ulphia@somemail.com,Barbi.Ulphia@anothermail.com,doctor,24
10525,Mahalia,Fink,Mahalia.Fink@somemail.com,Mahalia.Fink@anothermail.com,developer,64
10526,Madeleine,Toor,Madeleine.Toor@somemail.com,Madeleine.Toor@anothermail.com,police officer,20
10527,Minda,Merriott,Minda.Merriott@somemail.com,Minda.Merriott@anothermail.com,worker,53
10528,Jenda,Pillsbury,Jenda.Pillsbury@somemail.com,Jenda.Pillsbury@anothermail.com,worker,49
10529,Susan,Yoko,Susan.Yoko@somemail.com,Susan.Yoko@anothermail.com,doctor,32
10530,Tera,Rurik,Tera.Rurik@somemail.com,Tera.Rurik@anothermail.com,police officer,25
10531,Florie,Naor,Florie.Naor@somemail.com,Florie.Naor@anothermail.com,doctor,32
10532,Corry,Fancie,Corry.Fancie@somemail.com,Corry.Fancie@anothermail.com,firefighter,55
10533,Johna,Penelopa,Johna.Penelopa@somemail.com,Johna.Penelopa@anothermail.com,worker,63
10534,Winny,Allina,Winny.Allina@somemail.com,Winny.Allina@anothermail.com,developer,29
10535,Gerianna,Ammann,Gerianna.Ammann@somemail.com,Gerianna.Ammann@anothermail.com,firefighter,19
10536,Willetta,Cassius,Willetta.Cassius@somemail.com,Willetta.Cassius@anothermail.com,worker,25
10537,Trixi,Francene,Trixi.Francene@somemail.com,Trixi.Francene@anothermail.com,firefighter,34
10538,Lanae,Cottle,Lanae.Cottle@somemail.com,Lanae.Cottle@anothermail.com,worker,47
10539,Lynnea,Daegal,Lynnea.Daegal@somemail.com,Lynnea.Daegal@anothermail.com,police officer,51
10540,Ronna,Ummersen,Ronna.Ummersen@somemail.com,Ronna.Ummersen@anothermail.com,developer,55
10541,Jennica,Parette,Jennica.Parette@somemail.com,Jennica.Parette@anothermail.com,worker,63
10542,Cathie,Ovid,Cathie.Ovid@somemail.com,Cathie.Ovid@anothermail.com,firefighter,58
10543,Shannah,Lia,Shannah.Lia@somemail.com,Shannah.Lia@anothermail.com,doctor,53
10544,Ana,Schenck,Ana.Schenck@somemail.com,Ana.Schenck@anothermail.com,firefighter,50
10545,Genevra,Ciro,Genevra.Ciro@somemail.com,Genevra.Ciro@anothermail.com,firefighter,64
10546,Aurelie,Merna,Aurelie.Merna@somemail.com,Aurelie.Merna@anothermail.com,firefighter,31
10547,Dolli,Thilda,Dolli.Thilda@somemail.com,Dolli.Thilda@anothermail.com,worker,56
10548,Clo,Henrie,Clo.Henrie@somemail.com,Clo.Henrie@anothermail.com,firefighter,25
10549,Angelique,Manolo,Angelique.Manolo@somemail.com,Angelique.Manolo@anothermail.com,doctor,41
10550,Karly,Maurine,Karly.Maurine@somemail.com,Karly.Maurine@anothermail.com,firefighter,40
10551,Kimmy,Zrike,Kimmy.Zrike@somemail.com,Kimmy.Zrike@anothermail.com,doctor,62
10552,Roz,Gibbeon,Roz.Gibbeon@somemail.com,Roz.Gibbeon@anothermail.com,worker,49
10553,Catharine,Hashim,Catharine.Hashim@somemail.com,Catharine.Hashim@anothermail.com,doctor,20
10554,Sam,Kosey,Sam.Kosey@somemail.com,Sam.Kosey@anothermail.com,worker,55
10555,Elmira,Parsaye,Elmira.Parsaye@somemail.com,Elmira.Parsaye@anothermail.com,doctor,52
10556,Halette,Elbertina,Halette.Elbertina@somemail.com,Halette.Elbertina@anothermail.com,worker,45
10557,Kial,Teddman,Kial.Teddman@somemail.com,Kial.Teddman@anothermail.com,doctor,43
10558,Winifred,Cleo,Winifred.Cleo@somemail.com,Winifred.Cleo@anothermail.com,doctor,47
10559,Cyb,Erminia,Cyb.Erminia@somemail.com,Cyb.Erminia@anothermail.com,doctor,43
10560,Alie,Lauraine,Alie.Lauraine@somemail.com,Alie.Lauraine@anothermail.com,police officer,19
10561,Elsie,Rad,Elsie.Rad@somemail.com,Elsie.Rad@anothermail.com,doctor,61
10562,Corene,Garek,Corene.Garek@somemail.com,Corene.Garek@anothermail.com,worker,45
10563,Gabriellia,Bryna,Gabriellia.Bryna@somemail.com,Gabriellia.Bryna@anothermail.com,worker,45
10564,Charmaine,Gusella,Charmaine.Gusella@somemail.com,Charmaine.Gusella@anothermail.com,firefighter,37
10565,Nonnah,Annabella,Nonnah.Annabella@somemail.com,Nonnah.Annabella@anothermail.com,firefighter,54
10566,Philis,Manolo,Philis.Manolo@somemail.com,Philis.Manolo@anothermail.com,firefighter,56
10567,Maurene,Kirstin,Maurene.Kirstin@somemail.com,Maurene.Kirstin@anothermail.com,worker,19
10568,Perry,Holbrook,Perry.Holbrook@somemail.com,Perry.Holbrook@anothermail.com,firefighter,36
10569,Jackie,Ricarda,Jackie.Ricarda@somemail.com,Jackie.Ricarda@anothermail.com,developer,27
10570,Ilse,Rogerio,Ilse.Rogerio@somemail.com,Ilse.Rogerio@anothermail.com,firefighter,49
10571,Robbi,Dulciana,Robbi.Dulciana@somemail.com,Robbi.Dulciana@anothermail.com,firefighter,27
10572,Merci,Heidt,Merci.Heidt@somemail.com,Merci.Heidt@anothermail.com,developer,56
10573,Zia,Stuart,Zia.Stuart@somemail.com,Zia.Stuart@anothermail.com,firefighter,28
10574,Oralee,Shelba,Oralee.Shelba@somemail.com,Oralee.Shelba@anothermail.com,police officer,30
10575,Violet,Dorine,Violet.Dorine@somemail.com,Violet.Dorine@anothermail.com,doctor,51
10576,Cam,Jalbert,Cam.Jalbert@somemail.com,Cam.Jalbert@anothermail.com,firefighter,20
10577,Maryellen,Hachmin,Maryellen.Hachmin@somemail.com,Maryellen.Hachmin@anothermail.com,developer,49
10578,Florencia,Wallis,Florencia.Wallis@somemail.com,Florencia.Wallis@anothermail.com,developer,49
10579,Allyce,Paine,Allyce.Paine@somemail.com,Allyce.Paine@anothermail.com,firefighter,31
10580,Ulrike,Damarra,Ulrike.Damarra@somemail.com,Ulrike.Damarra@anothermail.com,firefighter,44
10581,Jaclyn,Honoria,Jaclyn.Honoria@somemail.com,Jaclyn.Honoria@anothermail.com,police officer,60
10582,Fanchon,Hortensia,Fanchon.Hortensia@somemail.com,Fanchon.Hortensia@anothermail.com,firefighter,58
10583,Deane,Baylor,Deane.Baylor@somemail.com,Deane.Baylor@anothermail.com,worker,57
10584,Veda,Seessel,Veda.Seessel@somemail.com,Veda.Seessel@anothermail.com,firefighter,49
10585,Libbie,Vacuva,Libbie.Vacuva@somemail.com,Libbie.Vacuva@anothermail.com,doctor,34
10586,Lanna,Grimbly,Lanna.Grimbly@somemail.com,Lanna.Grimbly@anothermail.com,doctor,40
10587,Ardenia,Faria,Ardenia.Faria@somemail.com,Ardenia.Faria@anothermail.com,firefighter,48
10588,Emilia,Abbot,Emilia.Abbot@somemail.com,Emilia.Abbot@anothermail.com,firefighter,45
10589,Vanessa,Brunell,Vanessa.Brunell@somemail.com,Vanessa.Brunell@anothermail.com,doctor,28
10590,Ulrike,Roxanna,Ulrike.Roxanna@somemail.com,Ulrike.Roxanna@anothermail.com,worker,52
10591,Hyacinthe,Delacourt,Hyacinthe.Delacourt@somemail.com,Hyacinthe.Delacourt@anothermail.com,firefighter,36
10592,Fanchon,Genna,Fanchon.Genna@somemail.com,Fanchon.Genna@anothermail.com,doctor,50
10593,Glynnis,Huggins,Glynnis.Huggins@somemail.com,Glynnis.Huggins@anothermail.com,worker,59
10594,Elmira,Brotherson,Elmira.Brotherson@somemail.com,Elmira.Brotherson@anothermail.com,developer,27
10595,Chandra,Felecia,Chandra.Felecia@somemail.com,Chandra.Felecia@anothermail.com,developer,53
10596,Liana,Wu,Liana.Wu@somemail.com,Liana.Wu@anothermail.com,police officer,59
10597,Letizia,Creamer,Letizia.Creamer@somemail.com,Letizia.Creamer@anothermail.com,worker,57
10598,Rani,Adamsen,Rani.Adamsen@somemail.com,Rani.Adamsen@anothermail.com,police officer,47
10599,Florie,Plato,Florie.Plato@somemail.com,Florie.Plato@anothermail.com,worker,46
10600,Leontine,Cullin,Leontine.Cullin@somemail.com,Leontine.Cullin@anothermail.com,doctor,52
10601,Kellen,Lymann,Kellen.Lymann@somemail.com,Kellen.Lymann@anothermail.com,developer,44
10602,Cherilyn,Zaslow,Cherilyn.Zaslow@somemail.com,Cherilyn.Zaslow@anothermail.com,developer,27
10603,Henriette,Tufts,Henriette.Tufts@somemail.com,Henriette.Tufts@anothermail.com,firefighter,34
10604,Kaja,Tremayne,Kaja.Tremayne@somemail.com,Kaja.Tremayne@anothermail.com,worker,30
10605,Leanna,Lamoree,Leanna.Lamoree@somemail.com,Leanna.Lamoree@anothermail.com,firefighter,46
10606,Annecorinne,Nore,Annecorinne.Nore@somemail.com,Annecorinne.Nore@anothermail.com,developer,20
10607,Cassandra,Olympium,Cassandra.Olympium@somemail.com,Cassandra.Olympium@anothermail.com,developer,37
10608,Sybille,Ramona,Sybille.Ramona@somemail.com,Sybille.Ramona@anothermail.com,worker,59
10609,Eolanda,Aldric,Eolanda.Aldric@somemail.com,Eolanda.Aldric@anothermail.com,police officer,37
10610,Gloria,Colyer,Gloria.Colyer@somemail.com,Gloria.Colyer@anothermail.com,doctor,25
10611,Janenna,Douglass,Janenna.Douglass@somemail.com,Janenna.Douglass@anothermail.com,firefighter,57
10612,Hayley,Bobbee,Hayley.Bobbee@somemail.com,Hayley.Bobbee@anothermail.com,doctor,34
10613,Tamqrah,Lynn,Tamqrah.Lynn@somemail.com,Tamqrah.Lynn@anothermail.com,developer,33
10614,Deloria,Lia,Deloria.Lia@somemail.com,Deloria.Lia@anothermail.com,developer,44
10615,Tersina,Shaver,Tersina.Shaver@somemail.com,Tersina.Shaver@anothermail.com,worker,60
10616,Lila,Cornelia,Lila.Cornelia@somemail.com,Lila.Cornelia@anothermail.com,worker,56
10617,Andeee,Durante,Andeee.Durante@somemail.com,Andeee.Durante@anothermail.com,firefighter,33
10618,Valeda,Meter,Valeda.Meter@somemail.com,Valeda.Meter@anothermail.com,worker,26
10619,Hyacinthe,Pitt,Hyacinthe.Pitt@somemail.com,Hyacinthe.Pitt@anothermail.com,doctor,27
10620,Daune,Joseph,Daune.Joseph@somemail.com,Daune.Joseph@anothermail.com,worker,47
10621,Fred,Remmer,Fred.Remmer@somemail.com,Fred.Remmer@anothermail.com,police officer,58
10622,Silvana,Fiann,Silvana.Fiann@somemail.com,Silvana.Fiann@anothermail.com,police officer,48
10623,Vevay,Reidar,Vevay.Reidar@somemail.com,Vevay.Reidar@anothermail.com,firefighter,59
10624,Trudie,Thomasina,Trudie.Thomasina@somemail.com,Trudie.Thomasina@anothermail.com,worker,48
10625,Kittie,Heidt,Kittie.Heidt@somemail.com,Kittie.Heidt@anothermail.com,doctor,44
10626,Dagmar,Bollay,Dagmar.Bollay@somemail.com,Dagmar.Bollay@anothermail.com,doctor,36
10627,Brynna,Minetta,Brynna.Minetta@somemail.com,Brynna.Minetta@anothermail.com,doctor,57
10628,Ursulina,Ellerey,Ursulina.Ellerey@somemail.com,Ursulina.Ellerey@anothermail.com,doctor,57
10629,Nadine,Alice,Nadine.Alice@somemail.com,Nadine.Alice@anothermail.com,doctor,30
10630,Ayn,Cohdwell,Ayn.Cohdwell@somemail.com,Ayn.Cohdwell@anothermail.com,police officer,58
10631,Brianna,Shaddock,Brianna.Shaddock@somemail.com,Brianna.Shaddock@anothermail.com,worker,39
10632,Mureil,Miru,Mureil.Miru@somemail.com,Mureil.Miru@anothermail.com,firefighter,53
10633,Karolina,Luhe,Karolina.Luhe@somemail.com,Karolina.Luhe@anothermail.com,developer,33
10634,Wanda,Alice,Wanda.Alice@somemail.com,Wanda.Alice@anothermail.com,firefighter,19
10635,Eve,Decato,Eve.Decato@somemail.com,Eve.Decato@anothermail.com,doctor,32
10636,Gui,Chandler,Gui.Chandler@somemail.com,Gui.Chandler@anothermail.com,developer,37
10637,Fred,Lattie,Fred.Lattie@somemail.com,Fred.Lattie@anothermail.com,worker,42
10638,Desirae,Hepsibah,Desirae.Hepsibah@somemail.com,Desirae.Hepsibah@anothermail.com,doctor,44
10639,Alleen,Smitt,Alleen.Smitt@somemail.com,Alleen.Smitt@anothermail.com,developer,57
10640,Hayley,Liebermann,Hayley.Liebermann@somemail.com,Hayley.Liebermann@anothermail.com,worker,18
10641,Alie,Cavan,Alie.Cavan@somemail.com,Alie.Cavan@anothermail.com,worker,55
10642,Jessy,Estella,Jessy.Estella@somemail.com,Jessy.Estella@anothermail.com,worker,57
10643,Aurore,Genna,Aurore.Genna@somemail.com,Aurore.Genna@anothermail.com,doctor,30
10644,Adele,Eckblad,Adele.Eckblad@somemail.com,Adele.Eckblad@anothermail.com,doctor,34
10645,Kittie,Milson,Kittie.Milson@somemail.com,Kittie.Milson@anothermail.com,developer,29
10646,Misha,Vivle,Misha.Vivle@somemail.com,Misha.Vivle@anothermail.com,doctor,45
10647,Elfreda,Sadowski,Elfreda.Sadowski@somemail.com,Elfreda.Sadowski@anothermail.com,police officer,59
10648,Lulita,Jefferey,Lulita.Jefferey@somemail.com,Lulita.Jefferey@anothermail.com,police officer,38
10649,Caryl,Konyn,Caryl.Konyn@somemail.com,Caryl.Konyn@anothermail.com,police officer,53
10650,Zaria,Melan,Zaria.Melan@somemail.com,Zaria.Melan@anothermail.com,developer,24
10651,Estell,Melan,Estell.Melan@somemail.com,Estell.Melan@anothermail.com,police officer,59
10652,Arlena,Hourigan,Arlena.Hourigan@somemail.com,Arlena.Hourigan@anothermail.com,firefighter,55
10653,Chloris,Franza,Chloris.Franza@somemail.com,Chloris.Franza@anothermail.com,firefighter,47
10654,Tarra,Vary,Tarra.Vary@somemail.com,Tarra.Vary@anothermail.com,firefighter,31
10655,Juliane,Lattie,Juliane.Lattie@somemail.com,Juliane.Lattie@anothermail.com,firefighter,31
10656,Darci,Luhe,Darci.Luhe@somemail.com,Darci.Luhe@anothermail.com,worker,45
10657,Olivette,Edvard,Olivette.Edvard@somemail.com,Olivette.Edvard@anothermail.com,firefighter,24
10658,Dode,Rugen,Dode.Rugen@somemail.com,Dode.Rugen@anothermail.com,worker,24
10659,Nikki,Berriman,Nikki.Berriman@somemail.com,Nikki.Berriman@anothermail.com,worker,53
10660,Christal,Sadowski,Christal.Sadowski@somemail.com,Christal.Sadowski@anothermail.com,developer,57
10661,Lynde,Duwalt,Lynde.Duwalt@somemail.com,Lynde.Duwalt@anothermail.com,worker,65
10662,Mignon,Hylan,Mignon.Hylan@somemail.com,Mignon.Hylan@anothermail.com,developer,65
10663,Laurene,Brian,Laurene.Brian@somemail.com,Laurene.Brian@anothermail.com,developer,52
10664,Lulita,Brodench,Lulita.Brodench@somemail.com,Lulita.Brodench@anothermail.com,worker,34
10665,Lindie,Flita,Lindie.Flita@somemail.com,Lindie.Flita@anothermail.com,worker,18
10666,Molli,Gwenore,Molli.Gwenore@somemail.com,Molli.Gwenore@anothermail.com,police officer,41
10667,Jenda,Drisko,Jenda.Drisko@somemail.com,Jenda.Drisko@anothermail.com,firefighter,57
10668,Coral,Oscar,Coral.Oscar@somemail.com,Coral.Oscar@anothermail.com,doctor,54
10669,Jemie,Hazlett,Jemie.Hazlett@somemail.com,Jemie.Hazlett@anothermail.com,doctor,59
10670,Alyda,Janith,Alyda.Janith@somemail.com,Alyda.Janith@anothermail.com,worker,62
10671,Pamella,Verger,Pamella.Verger@somemail.com,Pamella.Verger@anothermail.com,firefighter,50
10672,Vinita,Christine,Vinita.Christine@somemail.com,Vinita.Christine@anothermail.com,developer,37
10673,Raina,Geffner,Raina.Geffner@somemail.com,Raina.Geffner@anothermail.com,developer,61
10674,Lorne,Ledah,Lorne.Ledah@somemail.com,Lorne.Ledah@anothermail.com,developer,51
10675,Viki,Secrest,Viki.Secrest@somemail.com,Viki.Secrest@anothermail.com,developer,45
10676,Shirlee,Smitt,Shirlee.Smitt@somemail.com,Shirlee.Smitt@anothermail.com,worker,31
10677,Kristan,Ashok,Kristan.Ashok@somemail.com,Kristan.Ashok@anothermail.com,firefighter,20
10678,Deloria,Armanda,Deloria.Armanda@somemail.com,Deloria.Armanda@anothermail.com,police officer,18
10679,Hallie,Jaylene,Hallie.Jaylene@somemail.com,Hallie.Jaylene@anothermail.com,firefighter,21
10680,Cherilyn,Ader,Cherilyn.Ader@somemail.com,Cherilyn.Ader@anothermail.com,doctor,31
10681,Bee,Weide,Bee.Weide@somemail.com,Bee.Weide@anothermail.com,developer,59
10682,Barbara,Marcellus,Barbara.Marcellus@somemail.com,Barbara.Marcellus@anothermail.com,doctor,18
10683,Sharai,Bettine,Sharai.Bettine@somemail.com,Sharai.Bettine@anothermail.com,police officer,42
10684,Benita,Reneta,Benita.Reneta@somemail.com,Benita.Reneta@anothermail.com,worker,37
10685,Layla,Hutchison,Layla.Hutchison@somemail.com,Layla.Hutchison@anothermail.com,developer,52
10686,Kristina,Sigfrid,Kristina.Sigfrid@somemail.com,Kristina.Sigfrid@anothermail.com,firefighter,64
10687,Janis,Ashely,Janis.Ashely@somemail.com,Janis.Ashely@anothermail.com,doctor,21
10688,Arlena,Pearse,Arlena.Pearse@somemail.com,Arlena.Pearse@anothermail.com,worker,64
10689,Gabriellia,Carleen,Gabriellia.Carleen@somemail.com,Gabriellia.Carleen@anothermail.com,firefighter,36
10690,Adriana,Suanne,Adriana.Suanne@somemail.com,Adriana.Suanne@anothermail.com,firefighter,23
10691,Melisent,Earlie,Melisent.Earlie@somemail.com,Melisent.Earlie@anothermail.com,firefighter,57
10692,Sandie,Colbert,Sandie.Colbert@somemail.com,Sandie.Colbert@anothermail.com,worker,26
10693,Moyna,Jotham,Moyna.Jotham@somemail.com,Moyna.Jotham@anothermail.com,police officer,32
10694,Dawn,Kenwood,Dawn.Kenwood@somemail.com,Dawn.Kenwood@anothermail.com,firefighter,35
10695,Latisha,Franza,Latisha.Franza@somemail.com,Latisha.Franza@anothermail.com,police officer,59
10696,Margalo,Alejoa,Margalo.Alejoa@somemail.com,Margalo.Alejoa@anothermail.com,worker,56
10697,Stacey,Izaak,Stacey.Izaak@somemail.com,Stacey.Izaak@anothermail.com,developer,24
10698,Devina,Levey,Devina.Levey@somemail.com,Devina.Levey@anothermail.com,firefighter,45
10699,Roseline,Lail,Roseline.Lail@somemail.com,Roseline.Lail@anothermail.com,developer,43
10700,Cherilyn,Wooster,Cherilyn.Wooster@somemail.com,Cherilyn.Wooster@anothermail.com,doctor,32
10701,Antonietta,Nahum,Antonietta.Nahum@somemail.com,Antonietta.Nahum@anothermail.com,firefighter,49
10702,Marylou,Simmonds,Marylou.Simmonds@somemail.com,Marylou.Simmonds@anothermail.com,police officer,44
10703,Clary,Oscar,Clary.Oscar@somemail.com,Clary.Oscar@anothermail.com,police officer,19
10704,Genovera,Audly,Genovera.Audly@somemail.com,Genovera.Audly@anothermail.com,doctor,41
10705,Vere,Ricki,Vere.Ricki@somemail.com,Vere.Ricki@anothermail.com,worker,34
10706,Anthia,Muriel,Anthia.Muriel@somemail.com,Anthia.Muriel@anothermail.com,police officer,34
10707,Stephanie,Francene,Stephanie.Francene@somemail.com,Stephanie.Francene@anothermail.com,worker,35
10708,Kamilah,Lattie,Kamilah.Lattie@somemail.com,Kamilah.Lattie@anothermail.com,doctor,45
10709,Tobe,Bennie,Tobe.Bennie@somemail.com,Tobe.Bennie@anothermail.com,firefighter,63
10710,Natka,Karylin,Natka.Karylin@somemail.com,Natka.Karylin@anothermail.com,developer,57
10711,Carree,Hourigan,Carree.Hourigan@somemail.com,Carree.Hourigan@anothermail.com,police officer,57
10712,Nadine,Randene,Nadine.Randene@somemail.com,Nadine.Randene@anothermail.com,doctor,51
10713,Merry,An,Merry.An@somemail.com,Merry.An@anothermail.com,firefighter,40
10714,Nataline,Ariella,Nataline.Ariella@somemail.com,Nataline.Ariella@anothermail.com,police officer,51
10715,Kary,Marsden,Kary.Marsden@somemail.com,Kary.Marsden@anothermail.com,doctor,57
10716,Christian,Holtz,Christian.Holtz@somemail.com,Christian.Holtz@anothermail.com,developer,46
10717,Alameda,Chem,Alameda.Chem@somemail.com,Alameda.Chem@anothermail.com,firefighter,33
10718,Consuela,Sekofski,Consuela.Sekofski@somemail.com,Consuela.Sekofski@anothermail.com,firefighter,19
10719,Catrina,Kat,Catrina.Kat@somemail.com,Catrina.Kat@anothermail.com,police officer,22
10720,Kellen,Markman,Kellen.Markman@somemail.com,Kellen.Markman@anothermail.com,worker,50
10721,Lindie,Magnolia,Lindie.Magnolia@somemail.com,Lindie.Magnolia@anothermail.com,worker,55
10722,Belinda,Olympium,Belinda.Olympium@somemail.com,Belinda.Olympium@anothermail.com,doctor,52
10723,Karena,Anastatius,Karena.Anastatius@somemail.com,Karena.Anastatius@anothermail.com,police officer,32
10724,Albertina,Kellby,Albertina.Kellby@somemail.com,Albertina.Kellby@anothermail.com,doctor,29
10725,Kayla,Sperling,Kayla.Sperling@somemail.com,Kayla.Sperling@anothermail.com,worker,31
10726,Doro,Gordon,Doro.Gordon@somemail.com,Doro.Gordon@anothermail.com,worker,31
10727,Annaliese,Schlosser,Annaliese.Schlosser@somemail.com,Annaliese.Schlosser@anothermail.com,worker,21
10728,Gavrielle,Koziara,Gavrielle.Koziara@somemail.com,Gavrielle.Koziara@anothermail.com,doctor,46
10729,Patricia,Alwin,Patricia.Alwin@somemail.com,Patricia.Alwin@anothermail.com,developer,32
10730,Deloria,Kussell,Deloria.Kussell@somemail.com,Deloria.Kussell@anothermail.com,firefighter,24
10731,Maurene,Rona,Maurene.Rona@somemail.com,Maurene.Rona@anothermail.com,police officer,19
10732,Kial,Erskine,Kial.Erskine@somemail.com,Kial.Erskine@anothermail.com,police officer,39
10733,Gloria,Gualtiero,Gloria.Gualtiero@somemail.com,Gloria.Gualtiero@anothermail.com,developer,24
10734,Julieta,Maxi,Julieta.Maxi@somemail.com,Julieta.Maxi@anothermail.com,firefighter,30
10735,Fredericka,Suzetta,Fredericka.Suzetta@somemail.com,Fredericka.Suzetta@anothermail.com,worker,58
10736,Codie,Neils,Codie.Neils@somemail.com,Codie.Neils@anothermail.com,firefighter,25
10737,Valeda,Claudine,Valeda.Claudine@somemail.com,Valeda.Claudine@anothermail.com,doctor,56
10738,Linet,Garrison,Linet.Garrison@somemail.com,Linet.Garrison@anothermail.com,doctor,38
10739,Siana,Etom,Siana.Etom@somemail.com,Siana.Etom@anothermail.com,worker,29
10740,Nita,Kauppi,Nita.Kauppi@somemail.com,Nita.Kauppi@anothermail.com,firefighter,28
10741,Dominga,Selway,Dominga.Selway@somemail.com,Dominga.Selway@anothermail.com,developer,18
10742,Dacia,Eckblad,Dacia.Eckblad@somemail.com,Dacia.Eckblad@anothermail.com,doctor,26
10743,Pearline,Nea,Pearline.Nea@somemail.com,Pearline.Nea@anothermail.com,police officer,22
10744,Renie,Bates,Renie.Bates@somemail.com,Renie.Bates@anothermail.com,worker,52
10745,Daphne,Taima,Daphne.Taima@somemail.com,Daphne.Taima@anothermail.com,police officer,65
10746,Gui,Deny,Gui.Deny@somemail.com,Gui.Deny@anothermail.com,developer,44
10747,Edee,Hieronymus,Edee.Hieronymus@somemail.com,Edee.Hieronymus@anothermail.com,worker,23
10748,Nelle,Jorgan,Nelle.Jorgan@somemail.com,Nelle.Jorgan@anothermail.com,firefighter,30
10749,Lila,O'Neill,Lila.O'Neill@somemail.com,Lila.O'Neill@anothermail.com,worker,27
10750,Lolita,Bahr,Lolita.Bahr@somemail.com,Lolita.Bahr@anothermail.com,developer,43
10751,Nessie,Kussell,Nessie.Kussell@somemail.com,Nessie.Kussell@anothermail.com,firefighter,31
10752,Frances,Alva,Frances.Alva@somemail.com,Frances.Alva@anothermail.com,police officer,53
10753,Aigneis,Modie,Aigneis.Modie@somemail.com,Aigneis.Modie@anothermail.com,police officer,20
10754,Kathy,Cadmar,Kathy.Cadmar@somemail.com,Kathy.Cadmar@anothermail.com,police officer,51
10755,Lindie,Euridice,Lindie.Euridice@somemail.com,Lindie.Euridice@anothermail.com,police officer,46
10756,Daryl,Carvey,Daryl.Carvey@somemail.com,Daryl.Carvey@anothermail.com,firefighter,29
10757,Gerianna,Helfand,Gerianna.Helfand@somemail.com,Gerianna.Helfand@anothermail.com,developer,21
10758,Kassey,Teddman,Kassey.Teddman@somemail.com,Kassey.Teddman@anothermail.com,developer,22
10759,Rori,Danby,Rori.Danby@somemail.com,Rori.Danby@anothermail.com,developer,42
10760,Charlena,Wooster,Charlena.Wooster@somemail.com,Charlena.Wooster@anothermail.com,developer,60
10761,Heida,Chauncey,Heida.Chauncey@somemail.com,Heida.Chauncey@anothermail.com,worker,43
10762,Georgetta,Sikorski,Georgetta.Sikorski@somemail.com,Georgetta.Sikorski@anothermail.com,doctor,50
10763,Karina,Fennessy,Karina.Fennessy@somemail.com,Karina.Fennessy@anothermail.com,worker,19
10764,Tersina,Artie,Tersina.Artie@somemail.com,Tersina.Artie@anothermail.com,doctor,38
10765,Keelia,Ambrosia,Keelia.Ambrosia@somemail.com,Keelia.Ambrosia@anothermail.com,worker,45
10766,Jillayne,Audly,Jillayne.Audly@somemail.com,Jillayne.Audly@anothermail.com,developer,38
10767,Johna,Junie,Johna.Junie@somemail.com,Johna.Junie@anothermail.com,doctor,31
10768,Gisela,Munn,Gisela.Munn@somemail.com,Gisela.Munn@anothermail.com,firefighter,58
10769,Rozele,Gladstone,Rozele.Gladstone@somemail.com,Rozele.Gladstone@anothermail.com,police officer,24
10770,Abbie,Socha,Abbie.Socha@somemail.com,Abbie.Socha@anothermail.com,developer,48
10771,Rhea,Hieronymus,Rhea.Hieronymus@somemail.com,Rhea.Hieronymus@anothermail.com,firefighter,19
10772,Dotty,Grayce,Dotty.Grayce@somemail.com,Dotty.Grayce@anothermail.com,firefighter,52
10773,Jaime,Hourigan,Jaime.Hourigan@somemail.com,Jaime.Hourigan@anothermail.com,worker,39
10774,Jeanna,Reidar,Jeanna.Reidar@somemail.com,Jeanna.Reidar@anothermail.com,developer,40
10775,Glenda,Hutchison,Glenda.Hutchison@somemail.com,Glenda.Hutchison@anothermail.com,police officer,36
10776,Wendi,Roche,Wendi.Roche@somemail.com,Wendi.Roche@anothermail.com,police officer,32
10777,Layla,Gamaliel,Layla.Gamaliel@somemail.com,Layla.Gamaliel@anothermail.com,firefighter,21
10778,Fanny,Borrell,Fanny.Borrell@somemail.com,Fanny.Borrell@anothermail.com,worker,20
10779,Karlee,Ailyn,Karlee.Ailyn@somemail.com,Karlee.Ailyn@anothermail.com,police officer,63
10780,Gretal,Eiser,Gretal.Eiser@somemail.com,Gretal.Eiser@anothermail.com,doctor,31
10781,Gertrud,Fry,Gertrud.Fry@somemail.com,Gertrud.Fry@anothermail.com,firefighter,59
10782,Cyb,Olympium,Cyb.Olympium@somemail.com,Cyb.Olympium@anothermail.com,worker,42
10783,Ernesta,Schwejda,Ernesta.Schwejda@somemail.com,Ernesta.Schwejda@anothermail.com,developer,48
10784,Jean,Willie,Jean.Willie@somemail.com,Jean.Willie@anothermail.com,worker,54
10785,Iseabal,Ball,Iseabal.Ball@somemail.com,Iseabal.Ball@anothermail.com,developer,53
10786,Ulrike,Justinn,Ulrike.Justinn@somemail.com,Ulrike.Justinn@anothermail.com,police officer,37
10787,Rochette,Grobe,Rochette.Grobe@somemail.com,Rochette.Grobe@anothermail.com,firefighter,32
10788,Dorthy,Oriana,Dorthy.Oriana@somemail.com,Dorthy.Oriana@anothermail.com,worker,49
10789,Tamqrah,Lewes,Tamqrah.Lewes@somemail.com,Tamqrah.Lewes@anothermail.com,developer,59
10790,Marline,Devlen,Marline.Devlen@somemail.com,Marline.Devlen@anothermail.com,firefighter,62
10791,Chandra,Lilas,Chandra.Lilas@somemail.com,Chandra.Lilas@anothermail.com,police officer,46
10792,Bobinette,Bettine,Bobinette.Bettine@somemail.com,Bobinette.Bettine@anothermail.com,developer,52
10793,Elvira,O'Neill,Elvira.O'Neill@somemail.com,Elvira.O'Neill@anothermail.com,doctor,18
10794,Lisette,Edison,Lisette.Edison@somemail.com,Lisette.Edison@anothermail.com,firefighter,19
10795,Charmaine,Alejoa,Charmaine.Alejoa@somemail.com,Charmaine.Alejoa@anothermail.com,police officer,44
10796,Jemie,Aurelio,Jemie.Aurelio@somemail.com,Jemie.Aurelio@anothermail.com,worker,32
10797,Raina,Vastah,Raina.Vastah@somemail.com,Raina.Vastah@anothermail.com,worker,49
10798,Barbi,Joseph,Barbi.Joseph@somemail.com,Barbi.Joseph@anothermail.com,firefighter,47
10799,Grier,Tatianas,Grier.Tatianas@somemail.com,Grier.Tatianas@anothermail.com,doctor,41
10800,Cathie,Rona,Cathie.Rona@somemail.com,Cathie.Rona@anothermail.com,police officer,23
10801,Chere,Bandeen,Chere.Bandeen@somemail.com,Chere.Bandeen@anothermail.com,doctor,40
10802,Ashlee,Fredi,Ashlee.Fredi@somemail.com,Ashlee.Fredi@anothermail.com,firefighter,51
10803,Allis,Blase,Allis.Blase@somemail.com,Allis.Blase@anothermail.com,worker,39
10804,Adore,Magdalen,Adore.Magdalen@somemail.com,Adore.Magdalen@anothermail.com,firefighter,22
10805,Ernesta,My,Ernesta.My@somemail.com,Ernesta.My@anothermail.com,developer,34
10806,Ofilia,Milde,Ofilia.Milde@somemail.com,Ofilia.Milde@anothermail.com,developer,21
10807,Gabi,Heisel,Gabi.Heisel@somemail.com,Gabi.Heisel@anothermail.com,doctor,62
10808,Wynne,Audly,Wynne.Audly@somemail.com,Wynne.Audly@anothermail.com,firefighter,59
10809,Daryl,Christine,Daryl.Christine@somemail.com,Daryl.Christine@anothermail.com,doctor,63
10810,Celene,Skell,Celene.Skell@somemail.com,Celene.Skell@anothermail.com,police officer,50
10811,Evaleen,Loring,Evaleen.Loring@somemail.com,Evaleen.Loring@anothermail.com,doctor,19
10812,Ginnie,Revkah,Ginnie.Revkah@somemail.com,Ginnie.Revkah@anothermail.com,doctor,29
10813,Cordi,Byrne,Cordi.Byrne@somemail.com,Cordi.Byrne@anothermail.com,police officer,58
10814,Dotty,Norvol,Dotty.Norvol@somemail.com,Dotty.Norvol@anothermail.com,worker,62
10815,Elena,Estella,Elena.Estella@somemail.com,Elena.Estella@anothermail.com,police officer,22
10816,Kelly,Grimbly,Kelly.Grimbly@somemail.com,Kelly.Grimbly@anothermail.com,worker,54
10817,Rani,Freddi,Rani.Freddi@somemail.com,Rani.Freddi@anothermail.com,firefighter,61
10818,Meg,Beebe,Meg.Beebe@somemail.com,Meg.Beebe@anothermail.com,firefighter,63
10819,Sabina,Catie,Sabina.Catie@somemail.com,Sabina.Catie@anothermail.com,developer,18
10820,Ursulina,Felecia,Ursulina.Felecia@somemail.com,Ursulina.Felecia@anothermail.com,worker,31
10821,Leona,Brady,Leona.Brady@somemail.com,Leona.Brady@anothermail.com,developer,20
10822,Elyssa,Rad,Elyssa.Rad@somemail.com,Elyssa.Rad@anothermail.com,developer,25
10823,Allis,Lipson,Allis.Lipson@somemail.com,Allis.Lipson@anothermail.com,firefighter,45
10824,Marylou,Reneta,Marylou.Reneta@somemail.com,Marylou.Reneta@anothermail.com,police officer,31
10825,Ursulina,Dowski,Ursulina.Dowski@somemail.com,Ursulina.Dowski@anothermail.com,worker,64
10826,Ayn,Kenwood,Ayn.Kenwood@somemail.com,Ayn.Kenwood@anothermail.com,firefighter,34
10827,Modestia,Fredi,Modestia.Fredi@somemail.com,Modestia.Fredi@anothermail.com,developer,27
10828,Alie,Pernick,Alie.Pernick@somemail.com,Alie.Pernick@anothermail.com,firefighter,47
10829,Dagmar,Anastatius,Dagmar.Anastatius@somemail.com,Dagmar.Anastatius@anothermail.com,developer,32
10830,Carmencita,Halsey,Carmencita.Halsey@somemail.com,Carmencita.Halsey@anothermail.com,developer,58
10831,Kore,Kylander,Kore.Kylander@somemail.com,Kore.Kylander@anothermail.com,developer,28
10832,Rosene,Lesley,Rosene.Lesley@somemail.com,Rosene.Lesley@anothermail.com,police officer,22
10833,Isa,Duwalt,Isa.Duwalt@somemail.com,Isa.Duwalt@anothermail.com,developer,18
10834,Kimberley,Dahlia,Kimberley.Dahlia@somemail.com,Kimberley.Dahlia@anothermail.com,firefighter,40
10835,Flo,Orelee,Flo.Orelee@somemail.com,Flo.Orelee@anothermail.com,worker,40
10836,Kimmy,Nelsen,Kimmy.Nelsen@somemail.com,Kimmy.Nelsen@anothermail.com,police officer,59
10837,Albertina,Raama,Albertina.Raama@somemail.com,Albertina.Raama@anothermail.com,police officer,49
10838,Sophia,Abbot,Sophia.Abbot@somemail.com,Sophia.Abbot@anothermail.com,worker,46
10839,Adriana,Desai,Adriana.Desai@somemail.com,Adriana.Desai@anothermail.com,firefighter,44
10840,Rochette,Tatianas,Rochette.Tatianas@somemail.com,Rochette.Tatianas@anothermail.com,developer,26
10841,Shaylyn,Orlene,Shaylyn.Orlene@somemail.com,Shaylyn.Orlene@anothermail.com,doctor,20
10842,Harmonia,Tice,Harmonia.Tice@somemail.com,Harmonia.Tice@anothermail.com,worker,21
10843,Lanna,Drus,Lanna.Drus@somemail.com,Lanna.Drus@anothermail.com,worker,21
10844,Charmaine,Haerr,Charmaine.Haerr@somemail.com,Charmaine.Haerr@anothermail.com,worker,34
10845,Lauryn,Carbo,Lauryn.Carbo@somemail.com,Lauryn.Carbo@anothermail.com,developer,24
10846,Queenie,Hedve,Queenie.Hedve@somemail.com,Queenie.Hedve@anothermail.com,doctor,53
10847,Kelly,Sammons,Kelly.Sammons@somemail.com,Kelly.Sammons@anothermail.com,firefighter,28
10848,Lauryn,Ader,Lauryn.Ader@somemail.com,Lauryn.Ader@anothermail.com,doctor,38
10849,Liana,Cornelia,Liana.Cornelia@somemail.com,Liana.Cornelia@anothermail.com,police officer,50
10850,Devina,Jehu,Devina.Jehu@somemail.com,Devina.Jehu@anothermail.com,firefighter,19
10851,Sean,Millda,Sean.Millda@somemail.com,Sean.Millda@anothermail.com,doctor,50
10852,Myriam,Zuzana,Myriam.Zuzana@somemail.com,Myriam.Zuzana@anothermail.com,worker,61
10853,Merrie,Korey,Merrie.Korey@somemail.com,Merrie.Korey@anothermail.com,police officer,20
10854,Elvira,Robertson,Elvira.Robertson@somemail.com,Elvira.Robertson@anothermail.com,police officer,42
10855,Kimmy,Euridice,Kimmy.Euridice@somemail.com,Kimmy.Euridice@anothermail.com,worker,21
10856,Keelia,Joni,Keelia.Joni@somemail.com,Keelia.Joni@anothermail.com,firefighter,21
10857,Codie,Lorain,Codie.Lorain@somemail.com,Codie.Lorain@anothermail.com,developer,59
10858,June,Gaal,June.Gaal@somemail.com,June.Gaal@anothermail.com,police officer,52
10859,Vevay,Strephon,Vevay.Strephon@somemail.com,Vevay.Strephon@anothermail.com,firefighter,45
10860,Debee,Gombach,Debee.Gombach@somemail.com,Debee.Gombach@anothermail.com,worker,48
10861,Catharine,Tayib,Catharine.Tayib@somemail.com,Catharine.Tayib@anothermail.com,worker,22
10862,Corry,Prouty,Corry.Prouty@somemail.com,Corry.Prouty@anothermail.com,police officer,21
10863,Constance,Susannah,Constance.Susannah@somemail.com,Constance.Susannah@anothermail.com,developer,57
10864,Arlena,Romelda,Arlena.Romelda@somemail.com,Arlena.Romelda@anothermail.com,doctor,37
10865,Dari,Gaulin,Dari.Gaulin@somemail.com,Dari.Gaulin@anothermail.com,worker,33
10866,June,Tamsky,June.Tamsky@somemail.com,June.Tamsky@anothermail.com,police officer,41
10867,Jorry,August,Jorry.August@somemail.com,Jorry.August@anothermail.com,doctor,18
10868,Korrie,Vittoria,Korrie.Vittoria@somemail.com,Korrie.Vittoria@anothermail.com,police officer,55
10869,Cassandra,Sundin,Cassandra.Sundin@somemail.com,Cassandra.Sundin@anothermail.com,worker,22
10870,Lisette,Infield,Lisette.Infield@somemail.com,Lisette.Infield@anothermail.com,worker,24
10871,Joceline,Herrera,Joceline.Herrera@somemail.com,Joceline.Herrera@anothermail.com,firefighter,25
10872,Fernande,Han,Fernande.Han@somemail.com,Fernande.Han@anothermail.com,police officer,42
10873,Kathy,Winthorpe,Kathy.Winthorpe@somemail.com,Kathy.Winthorpe@anothermail.com,police officer,29
10874,Robinia,Emerson,Robinia.Emerson@somemail.com,Robinia.Emerson@anothermail.com,doctor,29
10875,Wynne,Vins,Wynne.Vins@somemail.com,Wynne.Vins@anothermail.com,firefighter,42
10876,Cassondra,Atcliffe,Cassondra.Atcliffe@somemail.com,Cassondra.Atcliffe@anothermail.com,police officer,42
10877,Consuela,Mintz,Consuela.Mintz@somemail.com,Consuela.Mintz@anothermail.com,worker,32
10878,Chere,Edvard,Chere.Edvard@somemail.com,Chere.Edvard@anothermail.com,developer,60
10879,Dede,Bultman,Dede.Bultman@somemail.com,Dede.Bultman@anothermail.com,developer,63
10880,Shaylyn,Klotz,Shaylyn.Klotz@somemail.com,Shaylyn.Klotz@anothermail.com,worker,56
10881,Mildrid,Morrill,Mildrid.Morrill@somemail.com,Mildrid.Morrill@anothermail.com,doctor,20
10882,Priscilla,Melleta,Priscilla.Melleta@somemail.com,Priscilla.Melleta@anothermail.com,worker,55
10883,Charlena,Oneida,Charlena.Oneida@somemail.com,Charlena.Oneida@anothermail.com,firefighter,29
10884,Lexine,Ax,Lexine.Ax@somemail.com,Lexine.Ax@anothermail.com,firefighter,19
10885,Evita,Tufts,Evita.Tufts@somemail.com,Evita.Tufts@anothermail.com,firefighter,44
10886,Esmeralda,Dimitris,Esmeralda.Dimitris@somemail.com,Esmeralda.Dimitris@anothermail.com,worker,42
10887,Ardys,Dorine,Ardys.Dorine@somemail.com,Ardys.Dorine@anothermail.com,worker,34
10888,Trixi,Eben,Trixi.Eben@somemail.com,Trixi.Eben@anothermail.com,firefighter,28
10889,Deedee,Birdella,Deedee.Birdella@somemail.com,Deedee.Birdella@anothermail.com,police officer,45
10890,Cecile,Stav,Cecile.Stav@somemail.com,Cecile.Stav@anothermail.com,police officer,40
10891,Pearline,Elisha,Pearline.Elisha@somemail.com,Pearline.Elisha@anothermail.com,developer,60
10892,Codie,Cullin,Codie.Cullin@somemail.com,Codie.Cullin@anothermail.com,firefighter,54
10893,Demetris,Alabaster,Demetris.Alabaster@somemail.com,Demetris.Alabaster@anothermail.com,firefighter,56
10894,Demetris,Jeanne,Demetris.Jeanne@somemail.com,Demetris.Jeanne@anothermail.com,developer,54
10895,Aurelie,Monaco,Aurelie.Monaco@somemail.com,Aurelie.Monaco@anothermail.com,worker,34
10896,Zaria,Viddah,Zaria.Viddah@somemail.com,Zaria.Viddah@anothermail.com,firefighter,47
10897,Andeee,Ilka,Andeee.Ilka@somemail.com,Andeee.Ilka@anothermail.com,firefighter,39
10898,Vevay,Helve,Vevay.Helve@somemail.com,Vevay.Helve@anothermail.com,firefighter,36
10899,Brooks,Sikorski,Brooks.Sikorski@somemail.com,Brooks.Sikorski@anothermail.com,firefighter,33
10900,Albertina,Mallon,Albertina.Mallon@somemail.com,Albertina.Mallon@anothermail.com,police officer,26
10901,Hermione,Infield,Hermione.Infield@somemail.com,Hermione.Infield@anothermail.com,developer,65
10902,Kate,Schwejda,Kate.Schwejda@somemail.com,Kate.Schwejda@anothermail.com,firefighter,48
10903,Carilyn,Darrell,Carilyn.Darrell@somemail.com,Carilyn.Darrell@anothermail.com,developer,35
10904,Brooks,Kinnard,Brooks.Kinnard@somemail.com,Brooks.Kinnard@anothermail.com,developer,29
10905,Eve,Oster,Eve.Oster@somemail.com,Eve.Oster@anothermail.com,worker,49
10906,Brena,Sidonius,Brena.Sidonius@somemail.com,Brena.Sidonius@anothermail.com,police officer,64
10907,Ada,Turne,Ada.Turne@somemail.com,Ada.Turne@anothermail.com,police officer,64
10908,Carree,Georas,Carree.Georas@somemail.com,Carree.Georas@anothermail.com,worker,56
10909,June,Ahab,June.Ahab@somemail.com,June.Ahab@anothermail.com,police officer,65
10910,Lynde,Fredi,Lynde.Fredi@somemail.com,Lynde.Fredi@anothermail.com,worker,23
10911,Donnie,Malanie,Donnie.Malanie@somemail.com,Donnie.Malanie@anothermail.com,developer,24
10912,Trudie,Belanger,Trudie.Belanger@somemail.com,Trudie.Belanger@anothermail.com,developer,29
10913,Fawne,Briney,Fawne.Briney@somemail.com,Fawne.Briney@anothermail.com,developer,49
10914,Candy,Edvard,Candy.Edvard@somemail.com,Candy.Edvard@anothermail.com,police officer,35
10915,Fina,Richers,Fina.Richers@somemail.com,Fina.Richers@anothermail.com,worker,39
10916,Kirstin,Amand,Kirstin.Amand@somemail.com,Kirstin.Amand@anothermail.com,developer,29
10917,Tina,Johanna,Tina.Johanna@somemail.com,Tina.Johanna@anothermail.com,firefighter,22
10918,Concettina,Kenney,Concettina.Kenney@somemail.com,Concettina.Kenney@anothermail.com,developer,47
10919,Jacquetta,Felizio,Jacquetta.Felizio@somemail.com,Jacquetta.Felizio@anothermail.com,developer,61
10920,Gianina,Stilwell,Gianina.Stilwell@somemail.com,Gianina.Stilwell@anothermail.com,worker,35
10921,Giustina,Tomasina,Giustina.Tomasina@somemail.com,Giustina.Tomasina@anothermail.com,worker,19
10922,Joelly,Fry,Joelly.Fry@somemail.com,Joelly.Fry@anothermail.com,firefighter,25
10923,Bobbi,Genna,Bobbi.Genna@somemail.com,Bobbi.Genna@anothermail.com,developer,64
10924,Bertine,Carlson,Bertine.Carlson@somemail.com,Bertine.Carlson@anothermail.com,firefighter,56
10925,Mathilda,Yate,Mathilda.Yate@somemail.com,Mathilda.Yate@anothermail.com,firefighter,29
10926,Quintina,Riva,Quintina.Riva@somemail.com,Quintina.Riva@anothermail.com,doctor,28
10927,Yetty,Cookie,Yetty.Cookie@somemail.com,Yetty.Cookie@anothermail.com,doctor,26
10928,Mamie,Berard,Mamie.Berard@somemail.com,Mamie.Berard@anothermail.com,developer,30
10929,Shirlee,Redmond,Shirlee.Redmond@somemail.com,Shirlee.Redmond@anothermail.com,police officer,44
10930,Thalia,Whiffen,Thalia.Whiffen@somemail.com,Thalia.Whiffen@anothermail.com,worker,54
10931,Tilly,Schlosser,Tilly.Schlosser@somemail.com,Tilly.Schlosser@anothermail.com,developer,26
10932,Tatiania,Gusella,Tatiania.Gusella@somemail.com,Tatiania.Gusella@anothermail.com,worker,22
10933,Layla,Bashemeth,Layla.Bashemeth@somemail.com,Layla.Bashemeth@anothermail.com,firefighter,22
10934,Kate,Morgun,Kate.Morgun@somemail.com,Kate.Morgun@anothermail.com,firefighter,34
10935,Loree,Kelula,Loree.Kelula@somemail.com,Loree.Kelula@anothermail.com,police officer,36
10936,Christy,Shelba,Christy.Shelba@somemail.com,Christy.Shelba@anothermail.com,developer,27
10937,Karolina,Karl,Karolina.Karl@somemail.com,Karolina.Karl@anothermail.com,doctor,20
10938,Janeczka,Bennie,Janeczka.Bennie@somemail.com,Janeczka.Bennie@anothermail.com,firefighter,55
10939,Tobe,Reinke,Tobe.Reinke@somemail.com,Tobe.Reinke@anothermail.com,doctor,49
10940,Lisette,Roche,Lisette.Roche@somemail.com,Lisette.Roche@anothermail.com,developer,57
10941,Leontine,Pattin,Leontine.Pattin@somemail.com,Leontine.Pattin@anothermail.com,firefighter,61
10942,Juliane,Duwalt,Juliane.Duwalt@somemail.com,Juliane.Duwalt@anothermail.com,firefighter,58
10943,Donnie,Selway,Donnie.Selway@somemail.com,Donnie.Selway@anothermail.com,police officer,20
10944,Ermengarde,Diogenes,Ermengarde.Diogenes@somemail.com,Ermengarde.Diogenes@anothermail.com,worker,34
10945,Bobbi,Secrest,Bobbi.Secrest@somemail.com,Bobbi.Secrest@anothermail.com,firefighter,64
10946,Clary,Oriana,Clary.Oriana@somemail.com,Clary.Oriana@anothermail.com,firefighter,40
10947,Loree,Cynar,Loree.Cynar@somemail.com,Loree.Cynar@anothermail.com,police officer,40
10948,Lonnie,Whittaker,Lonnie.Whittaker@somemail.com,Lonnie.Whittaker@anothermail.com,doctor,23
10949,Silvana,Jeanne,Silvana.Jeanne@somemail.com,Silvana.Jeanne@anothermail.com,developer,52
10950,Audrie,Thornburg,Audrie.Thornburg@somemail.com,Audrie.Thornburg@anothermail.com,doctor,24
10951,Ulrike,Terrence,Ulrike.Terrence@somemail.com,Ulrike.Terrence@anothermail.com,developer,23
10952,Tomasina,Garrison,Tomasina.Garrison@somemail.com,Tomasina.Garrison@anothermail.com,police officer,52
10953,Drucie,Himelman,Drucie.Himelman@somemail.com,Drucie.Himelman@anothermail.com,developer,45
10954,Stephanie,Helve,Stephanie.Helve@somemail.com,Stephanie.Helve@anothermail.com,doctor,42
10955,Desirae,Ashely,Desirae.Ashely@somemail.com,Desirae.Ashely@anothermail.com,doctor,38
10956,Tybie,Sophronia,Tybie.Sophronia@somemail.com,Tybie.Sophronia@anothermail.com,firefighter,41
10957,Alyda,Jess,Alyda.Jess@somemail.com,Alyda.Jess@anothermail.com,doctor,52
10958,Mallory,Parette,Mallory.Parette@somemail.com,Mallory.Parette@anothermail.com,doctor,55
10959,Hyacinthe,Frodi,Hyacinthe.Frodi@somemail.com,Hyacinthe.Frodi@anothermail.com,police officer,43
10960,Magdalena,Gherardo,Magdalena.Gherardo@somemail.com,Magdalena.Gherardo@anothermail.com,developer,58
10961,Fawne,Fiann,Fawne.Fiann@somemail.com,Fawne.Fiann@anothermail.com,worker,32
10962,Maurene,Huggins,Maurene.Huggins@somemail.com,Maurene.Huggins@anothermail.com,doctor,40
10963,Aubrie,Smitt,Aubrie.Smitt@somemail.com,Aubrie.Smitt@anothermail.com,doctor,35
10964,Regina,Brackely,Regina.Brackely@somemail.com,Regina.Brackely@anothermail.com,doctor,48
10965,Korrie,Madelene,Korrie.Madelene@somemail.com,Korrie.Madelene@anothermail.com,worker,32
10966,Rosene,Bates,Rosene.Bates@somemail.com,Rosene.Bates@anothermail.com,police officer,41
10967,Merry,Donell,Merry.Donell@somemail.com,Merry.Donell@anothermail.com,worker,47
10968,Karolina,Pierette,Karolina.Pierette@somemail.com,Karolina.Pierette@anothermail.com,worker,62
10969,Coral,Bebe,Coral.Bebe@somemail.com,Coral.Bebe@anothermail.com,doctor,37
10970,Almeta,Alfons,Almeta.Alfons@somemail.com,Almeta.Alfons@anothermail.com,police officer,51
10971,Claudina,Wenda,Claudina.Wenda@somemail.com,Claudina.Wenda@anothermail.com,firefighter,58
10972,Elbertina,Callista,Elbertina.Callista@somemail.com,Elbertina.Callista@anothermail.com,firefighter,39
10973,Caressa,Wolfgram,Caressa.Wolfgram@somemail.com,Caressa.Wolfgram@anothermail.com,worker,22
10974,Gale,Denis,Gale.Denis@somemail.com,Gale.Denis@anothermail.com,doctor,48
10975,Judy,Woodberry,Judy.Woodberry@somemail.com,Judy.Woodberry@anothermail.com,police officer,57
10976,Sherrie,Gabrielli,Sherrie.Gabrielli@somemail.com,Sherrie.Gabrielli@anothermail.com,doctor,37
10977,Tani,Jaylene,Tani.Jaylene@somemail.com,Tani.Jaylene@anothermail.com,firefighter,29
10978,Dale,Saunderson,Dale.Saunderson@somemail.com,Dale.Saunderson@anothermail.com,police officer,60
10979,Sheelagh,Chaing,Sheelagh.Chaing@somemail.com,Sheelagh.Chaing@anothermail.com,firefighter,28
10980,Nonnah,Grayce,Nonnah.Grayce@somemail.com,Nonnah.Grayce@anothermail.com,worker,46
10981,Gisela,Chinua,Gisela.Chinua@somemail.com,Gisela.Chinua@anothermail.com,firefighter,19
10982,Paulita,Margarete,Paulita.Margarete@somemail.com,Paulita.Margarete@anothermail.com,developer,65
10983,Gusella,Old,Gusella.Old@somemail.com,Gusella.Old@anothermail.com,firefighter,35
10984,Evaleen,Ivens,Evaleen.Ivens@somemail.com,Evaleen.Ivens@anothermail.com,doctor,30
10985,Mariann,Alisia,Mariann.Alisia@somemail.com,Mariann.Alisia@anothermail.com,firefighter,61
10986,Kerrin,Genna,Kerrin.Genna@somemail.com,Kerrin.Genna@anothermail.com,police officer,45
10987,Hope,Charmine,Hope.Charmine@somemail.com,Hope.Charmine@anothermail.com,firefighter,64
10988,Valeda,Darian,Valeda.Darian@somemail.com,Valeda.Darian@anothermail.com,doctor,21
10989,Hallie,Zamora,Hallie.Zamora@somemail.com,Hallie.Zamora@anothermail.com,firefighter,39
10990,Cindelyn,Fink,Cindelyn.Fink@somemail.com,Cindelyn.Fink@anothermail.com,doctor,56
10991,Corry,Donell,Corry.Donell@somemail.com,Corry.Donell@anothermail.com,worker,35
10992,Ellette,Raul,Ellette.Raul@somemail.com,Ellette.Raul@anothermail.com,developer,30
10993,Nessie,Abernon,Nessie.Abernon@somemail.com,Nessie.Abernon@anothermail.com,police officer,19
10994,Stevana,Romelda,Stevana.Romelda@somemail.com,Stevana.Romelda@anothermail.com,worker,58
10995,Cordi,Fulmer,Cordi.Fulmer@somemail.com,Cordi.Fulmer@anothermail.com,worker,57
10996,Carol-Jean,Leffen,Carol-Jean.Leffen@somemail.com,Carol-Jean.Leffen@anothermail.com,developer,26
10997,Kate,Georas,Kate.Georas@somemail.com,Kate.Georas@anothermail.com,worker,51
10998,Briney,Blake,Briney.Blake@somemail.com,Briney.Blake@anothermail.com,firefighter,24
10999,Gertrud,Gamaliel,Gertrud.Gamaliel@somemail.com,Gertrud.Gamaliel@anothermail.com,doctor,22